n_total,n_mapped,%mapped,n_primary,n_secondary,n_chimeria,n_unmapped,barcode,species
53280,52155,97.88851351,33383,16407,2365,1125,barcode01,An.arabiensis
66476,66312,99.75329442,41815,21518,2979,164,barcode02,An.arabiensis
46497,44898,96.56106846,29943,13315,1640,1599,barcode03,An.arabiensis
265804,265587,99.9183609,164137,95340,6110,217,barcode04,An.arabiensis
140670,139374,99.07869482,90269,45109,3996,1296,barcode05,An.arabiensis
262572,258055,98.27970995,162336,88638,7081,4517,barcode06,An.arabiensis
56761,56345,99.26710241,35987,18055,2303,416,barcode07,An.arabiensis
55637,53163,95.55331883,36308,15387,1468,2474,barcode09,An.arabiensis
47001,46865,99.71064445,30360,14130,2375,136,barcode10,An.arabiensis
98883,98500,99.61267356,62942,32871,2687,383,barcode11,An.arabiensis
123175,121081,98.2999797,79982,37447,3652,2094,barcode12,An.arabiensis
46834,46767,99.85694154,28385,15815,2567,67,barcode13,An.arabiensis
82283,78959,95.96028341,49111,27507,2341,3324,barcode14,An.arabiensis
65800,65580,99.6656535,39892,23348,2340,220,barcode15,An.arabiensis
56028,55977,99.90897408,35390,18245,2342,51,barcode16,An.arabiensis
44939,44719,99.5104475,27664,15174,1881,220,barcode17,An.arabiensis
22139,22003,99.38569944,13434,7130,1439,136,barcode18,An.arabiensis
53159,52200,98.1959781,31347,18451,2402,959,barcode19,An.arabiensis
84205,82239,97.66522178,50598,28543,3098,1966,barcode20,An.arabiensis
87505,87430,99.91429061,49466,33273,4691,75,barcode21,An.arabiensis
72572,71491,98.5104448,49788,19614,2089,1081,barcode22,An.arabiensis
70365,69384,98.60584097,43381,23442,2561,981,barcode24,An.arabiensis
169687,169480,99.87801069,110105,56259,3116,207,barcode25,An.arabiensis
40281,40120,99.60030784,22881,15290,1949,161,barcode26,An.arabiensis
1134,1119,98.67724868,633,394,92,15,barcode27,An.arabiensis
33167,32656,98.45931197,19363,11914,1379,511,barcode28,An.arabiensis
28916,27821,96.21316918,16584,9880,1357,1095,barcode29,An.arabiensis
81145,80968,99.78187196,47854,28739,4375,177,barcode30,An.arabiensis
85370,85190,99.7891531,52673,29346,3171,180,barcode32,An.arabiensis
111844,111704,99.87482565,72970,35487,3247,140,barcode33,An.arabiensis
30100,29865,99.2192691,18865,9239,1761,235,barcode34,An.arabiensis
43213,42721,98.86145373,28206,12872,1643,492,barcode35,An.arabiensis
94837,94744,99.90193701,55699,35275,3770,93,barcode36,An.arabiensis
50069,50035,99.93209371,30590,17081,2364,34,barcode37,An.arabiensis
195607,194755,99.56443277,113189,75675,5891,852,barcode38,An.arabiensis
88036,87987,99.94434095,57853,25925,4209,49,barcode39,An.arabiensis
25289,24833,98.19684448,16717,7216,900,456,barcode40,An.arabiensis
148171,147229,99.36424806,95861,47825,3543,942,barcode41,An.arabiensis
57497,57462,99.93912726,33746,21344,2372,35,barcode42,An.arabiensis
57720,57640,99.86139986,32336,23001,2303,80,barcode43,An.arabiensis
38971,38595,99.03518001,23559,13121,1915,376,barcode44,An.arabiensis
128148,126841,98.98008553,77052,44926,4863,1307,barcode45,An.arabiensis
84619,83262,98.39634125,53273,26967,3022,1357,barcode46,An.arabiensis
56278,52300,92.93151853,35429,15131,1740,3978,barcode47,An.arabiensis
2766,2748,99.34924078,1610,985,153,18,barcode48,An.arabiensis
243374,241162,99.0911108,133577,72644,34941,2212,unclassified,An.arabiensis
637615,636808,99.8734346,605507,2174,29127,807,barcode01,An.gambiae
259224,255250,98.46696294,236525,9755,8970,3974,barcode02,An.gambiae
28030,27510,98.14484481,21714,4093,1703,520,barcode03,An.gambiae
93862,93593,99.71340905,85943,3603,4047,269,barcode04,An.gambiae
95263,93074,97.70215089,81257,7528,4289,2189,barcode05,An.gambiae
130839,130160,99.48104159,118879,6213,5068,679,barcode06,An.gambiae
57674,57449,99.6098762,53273,1210,2966,225,barcode07,An.gambiae
8922,8834,99.01367406,7047,1186,601,88,barcode08,An.gambiae
78709,77942,99.0255244,73669,592,3681,767,barcode09,An.gambiae
63762,63702,99.90590007,55472,2646,5584,60,barcode10,An.gambiae
104914,104674,99.77124121,99891,245,4538,240,barcode11,An.gambiae
199983,199745,99.88098988,185446,5444,8855,238,barcode12,An.gambiae
90299,89293,98.88592343,76189,5576,7528,1006,barcode13,An.gambiae
88298,88127,99.80633763,78483,3186,6458,171,barcode14,An.gambiae
100220,99848,99.6288166,94367,452,5029,372,barcode15,An.gambiae
37987,37863,99.67357254,35105,437,2321,124,barcode16,An.gambiae
123528,123387,99.88585584,117555,1524,4308,141,barcode17,An.gambiae
27226,26986,99.11848968,21917,3205,1864,240,barcode18,An.gambiae
100871,100243,99.37742265,94244,2643,3356,628,barcode19,An.gambiae
58706,56853,96.8435935,55550,50,1253,1853,barcode20,An.gambiae
38288,38115,99.5481613,36049,73,1993,173,barcode21,An.gambiae
113789,113654,99.88135936,105645,4927,3082,135,barcode22,An.gambiae
60955,60133,98.65146419,55232,1864,3037,822,barcode23,An.gambiae
68776,68476,99.56380133,57967,5096,5413,300,barcode25,An.gambiae
93717,93513,99.78232338,86079,3711,3723,204,barcode26,An.gambiae
221800,221400,99.81965735,210827,2299,8274,400,barcode27,An.gambiae
195751,195517,99.88046038,182669,7305,5543,234,barcode28,An.gambiae
105116,104944,99.83637125,95423,5010,4511,172,barcode29,An.gambiae
67531,67272,99.61647243,62552,262,4458,259,barcode30,An.gambiae
18830,18268,97.01540096,15541,581,2146,562,barcode31,An.gambiae
249740,249386,99.85825258,229415,11015,8956,354,barcode32,An.gambiae
30469,30225,99.19918606,28836,155,1234,244,barcode33,An.gambiae
9899,9875,99.75755127,8800,160,915,24,barcode34,An.gambiae
125402,125320,99.93461029,118215,1753,5352,82,barcode35,An.gambiae
100914,100637,99.72550885,92700,1542,6395,277,barcode36,An.gambiae
80267,79118,98.56852754,75771,1228,2119,1149,barcode37,An.gambiae
232481,232202,99.87999019,217313,5710,9179,279,barcode38,An.gambiae
66069,65917,99.76993749,61703,714,3500,152,barcode39,An.gambiae
75116,72210,96.1313169,66923,3021,2266,2906,barcode40,An.gambiae
65245,64878,99.43750479,60321,1635,2922,367,barcode41,An.gambiae
16700,16674,99.84431138,15469,36,1169,26,barcode42,An.gambiae
16646,16592,99.67559774,14323,1006,1263,54,barcode43,An.gambiae
48753,48544,99.57130843,42857,3025,2662,209,barcode44,An.gambiae
88517,82640,93.3605974,72265,8048,2327,5877,barcode45,An.gambiae
71674,71011,99.07497837,66409,1627,2975,663,barcode46,An.gambiae
49930,48822,97.78089325,45469,808,2545,1108,barcode47,An.gambiae
118301,117988,99.73542066,99784,10683,7521,313,barcode48,An.gambiae
180284,177990,98.72756318,160725,8987,8278,2294,barcode49,An.gambiae
171331,171185,99.91478483,143691,20510,6984,146,barcode50,An.gambiae
49781,49727,99.89152488,45118,1015,3594,54,barcode51,An.gambiae
31864,31639,99.29387396,28992,856,1791,225,barcode52,An.gambiae
35807,32603,91.05202893,25430,6343,830,3204,barcode53,An.gambiae
51954,51765,99.63621665,48573,920,2272,189,barcode54,An.gambiae
78911,78718,99.75542066,73366,446,4906,193,barcode55,An.gambiae
303331,302597,99.75802012,287531,4559,10507,734,barcode56,An.gambiae
40480,39325,97.14673913,34357,3005,1963,1155,barcode57,An.gambiae
67931,67479,99.33461895,63600,678,3201,452,barcode58,An.gambiae
77871,77128,99.04585789,71215,3610,2303,743,barcode59,An.gambiae
69536,69245,99.58151173,65536,761,2948,291,barcode60,An.gambiae
38287,38207,99.79105179,32134,3273,2800,80,barcode61,An.gambiae
75332,75074,99.65751606,65639,4679,4756,258,barcode62,An.gambiae
38226,37640,98.46701198,35762,158,1720,586,barcode63,An.gambiae
51650,50071,96.9428848,46282,1441,2348,1579,barcode64,An.gambiae
13467,13241,98.32182372,12229,303,709,226,barcode65,An.gambiae
8705,8648,99.34520391,8211,31,406,57,barcode66,An.gambiae
13111,12900,98.39066433,11976,290,634,211,barcode67,An.gambiae
16425,16338,99.47031963,14802,615,921,87,barcode68,An.gambiae
5982,5957,99.58207957,5368,50,539,25,barcode69,An.gambiae
2800,2395,85.53571429,2220,116,59,405,barcode70,An.gambiae
304718,301450,98.927533,223277,9470,68703,3268,unclassified,An.gambiae
