barcode,chrom,start,length,end,mean_cov,name,cov_gr100_per,target,total_cov,cov_gr100,n_reads,species
barcode01,CM023248,60913370,962,60914332,8823.464657,Ace1-280S,96.98544699,Ace1-280S,8488173,933,9755,An.stephensi
barcode01,CM023249,8352786,791,8353577,1934.603034,Gaba-296G,94.43742099,Gaba-296G,1530271,747,2578,An.stephensi
barcode01,CM023249,70580365,699,70581064,9524.449213,Gste2-119V,99.57081545,Gste2-119V,6657590,696,10707,An.stephensi
barcode01,CM023249,42817337,545,42817882,7526.280734,Vgsc-L995S,86.60550459,Vgsc-L995S,4101823,472,9890,An.stephensi
barcode01,CM023249,42830276,727,42831003,669.2255846,Vgsc-N1570Y,97.38651994,Vgsc-N1570Y,486527,708,829,An.stephensi
barcode01,CM023249,42809908,752,42810660,5194.211436,Vgsc-V402,96.40957447,Vgsc-V402,3906047,725,5781,An.stephensi
barcode02,CM023248,60913370,962,60914332,6651.698545,Ace1-280S,95.42619543,Ace1-280S,6398934,918,7350,An.stephensi
barcode02,CM023249,8352786,791,8353577,2215.302149,Gaba-296G,94.81668774,Gaba-296G,1752304,750,2889,An.stephensi
barcode02,CM023249,70580365,699,70581064,8488.771102,Gste2-119V,99.57081545,Gste2-119V,5933651,696,9369,An.stephensi
barcode02,CM023249,42817337,545,42817882,3534.212844,Vgsc-L995S,85.87155963,Vgsc-L995S,1926146,468,4653,An.stephensi
barcode02,CM023249,42830276,727,42831003,159.6492435,Vgsc-N1570Y,93.9477304,Vgsc-N1570Y,116065,683,207,An.stephensi
barcode02,CM023249,42809908,752,42810660,1855.400266,Vgsc-V402,96.27659574,Vgsc-V402,1395261,724,2076,An.stephensi
barcode03,CM023248,60913370,962,60914332,525.47921,Ace1-280S,93.76299376,Ace1-280S,505511,902,583,An.stephensi
barcode03,CM023249,8352786,791,8353577,14.9494311,Gaba-296G,0,Gaba-296G,11825,0,20,An.stephensi
barcode03,CM023249,70580365,699,70581064,916.5822604,Gste2-119V,98.71244635,Gste2-119V,640691,690,996,An.stephensi
barcode03,CM023249,42817337,545,42817882,401.2880734,Vgsc-L995S,78.89908257,Vgsc-L995S,218702,430,524,An.stephensi
barcode03,CM023249,42830276,727,42831003,59.59422283,Vgsc-N1570Y,0,Vgsc-N1570Y,43325,0,72,An.stephensi
barcode03,CM023249,42809908,752,42810660,441.7978723,Vgsc-V402,92.0212766,Vgsc-V402,332232,692,492,An.stephensi
barcode04,CM023248,60913370,962,60914332,1305.356549,Ace1-280S,94.38669439,Ace1-280S,1255753,908,1438,An.stephensi
barcode04,CM023249,8352786,791,8353577,381.852086,Gaba-296G,75.09481669,Gaba-296G,302045,594,514,An.stephensi
barcode04,CM023249,70580365,699,70581064,2131.69814,Gste2-119V,99.42775393,Gste2-119V,1490057,695,2327,An.stephensi
barcode04,CM023249,42817337,545,42817882,2785.058716,Vgsc-L995S,83.30275229,Vgsc-L995S,1517857,454,3669,An.stephensi
barcode04,CM023249,42830276,727,42831003,112.1678129,Vgsc-N1570Y,85.83218707,Vgsc-N1570Y,81546,624,143,An.stephensi
barcode04,CM023249,42809908,752,42810660,1410.280585,Vgsc-V402,96.14361702,Vgsc-V402,1060531,723,1573,An.stephensi
barcode05,CM023248,60913370,962,60914332,4320.538462,Ace1-280S,95.32224532,Ace1-280S,4156358,917,4778,An.stephensi
barcode05,CM023249,8352786,791,8353577,1225.131479,Gaba-296G,75.72692794,Gaba-296G,969079,599,1651,An.stephensi
barcode05,CM023249,70580365,699,70581064,7411.413448,Gste2-119V,99.57081545,Gste2-119V,5180578,696,8222,An.stephensi
barcode05,CM023249,42817337,545,42817882,12173.63486,Vgsc-L995S,86.60550459,Vgsc-L995S,6634631,472,16038,An.stephensi
barcode05,CM023249,42830276,727,42831003,635.6767538,Vgsc-N1570Y,97.38651994,Vgsc-N1570Y,462137,708,775,An.stephensi
barcode05,CM023249,42809908,752,42810660,2582.743351,Vgsc-V402,96.27659574,Vgsc-V402,1942223,724,2886,An.stephensi
barcode06,CM023248,60913370,962,60914332,704.2754678,Ace1-280S,93.86694387,Ace1-280S,677513,903,778,An.stephensi
barcode06,CM023249,8352786,791,8353577,154.6662453,Gaba-296G,74.58912769,Gaba-296G,122341,590,203,An.stephensi
barcode06,CM023249,70580365,699,70581064,1165.250358,Gste2-119V,99.28469242,Gste2-119V,814510,694,1274,An.stephensi
barcode06,CM023249,42817337,545,42817882,1122.638532,Vgsc-L995S,80.18348624,Vgsc-L995S,611838,437,1491,An.stephensi
barcode06,CM023249,42830276,727,42831003,84.27235213,Vgsc-N1570Y,8.390646492,Vgsc-N1570Y,61266,61,102,An.stephensi
barcode06,CM023249,42809908,752,42810660,625.7819149,Vgsc-V402,93.88297872,Vgsc-V402,470588,706,699,An.stephensi
barcode08,CM023248,60913370,962,60914332,519.452183,Ace1-280S,93.76299376,Ace1-280S,499713,902,576,An.stephensi
barcode08,CM023249,8352786,791,8353577,34.95322377,Gaba-296G,0,Gaba-296G,27648,0,46,An.stephensi
barcode08,CM023249,70580365,699,70581064,1196.072961,Gste2-119V,99.1416309,Gste2-119V,836055,693,1316,An.stephensi
barcode08,CM023249,42817337,545,42817882,717.3412844,Vgsc-L995S,79.44954128,Vgsc-L995S,390951,433,959,An.stephensi
barcode08,CM023249,42830276,727,42831003,100.1513067,Vgsc-N1570Y,70.70151307,Vgsc-N1570Y,72810,514,125,An.stephensi
barcode08,CM023249,42809908,752,42810660,459.9734043,Vgsc-V402,93.08510638,Vgsc-V402,345900,700,515,An.stephensi
barcode09,CM023248,60913370,962,60914332,6888.218295,Ace1-280S,95.42619543,Ace1-280S,6626466,918,7625,An.stephensi
barcode09,CM023249,8352786,791,8353577,3244.562579,Gaba-296G,94.94310999,Gaba-296G,2566449,751,4214,An.stephensi
barcode09,CM023249,70580365,699,70581064,8384.775393,Gste2-119V,99.57081545,Gste2-119V,5860958,696,9193,An.stephensi
barcode09,CM023249,42817337,545,42817882,9304.39633,Vgsc-L995S,86.60550459,Vgsc-L995S,5070896,472,12236,An.stephensi
barcode09,CM023249,42830276,727,42831003,517.0343879,Vgsc-N1570Y,97.24896836,Vgsc-N1570Y,375884,707,634,An.stephensi
barcode09,CM023249,42809908,752,42810660,299.0851064,Vgsc-V402,92.0212766,Vgsc-V402,224912,692,333,An.stephensi
barcode11,CM023248,60913370,962,60914332,3122.169439,Ace1-280S,95.32224532,Ace1-280S,3003527,917,3462,An.stephensi
barcode11,CM023249,8352786,791,8353577,867.9102402,Gaba-296G,94.05815424,Gaba-296G,686517,744,1123,An.stephensi
barcode11,CM023249,70580365,699,70581064,4409.739628,Gste2-119V,99.42775393,Gste2-119V,3082408,695,4883,An.stephensi
barcode11,CM023249,42817337,545,42817882,3692.106422,Vgsc-L995S,83.66972477,Vgsc-L995S,2012198,456,4857,An.stephensi
barcode11,CM023249,42830276,727,42831003,240.3562586,Vgsc-N1570Y,95.32324622,Vgsc-N1570Y,174739,693,288,An.stephensi
barcode11,CM023249,42809908,752,42810660,1038.207447,Vgsc-V402,94.81382979,Vgsc-V402,780732,713,1158,An.stephensi
barcode12,CM023248,60913370,962,60914332,34513.63098,Ace1-280S,97.92099792,Ace1-280S,33202113,942,38178,An.stephensi
barcode12,CM023249,8352786,791,8353577,706.2756005,Gaba-296G,75.34766119,Gaba-296G,558664,596,968,An.stephensi
barcode12,CM023249,70580365,699,70581064,24957.16738,Gste2-119V,99.71387697,Gste2-119V,17445060,697,26940,An.stephensi
barcode12,CM023249,42817337,545,42817882,35438.74128,Vgsc-L995S,88.80733945,Vgsc-L995S,19314114,484,46736,An.stephensi
barcode12,CM023249,42830276,727,42831003,2165.537827,Vgsc-N1570Y,98.07427785,Vgsc-N1570Y,1574346,713,2672,An.stephensi
barcode12,CM023249,42809908,752,42810660,7969.371011,Vgsc-V402,96.40957447,Vgsc-V402,5992967,725,8940,An.stephensi
barcode14,CM023248,60913370,962,60914332,1996.00104,Ace1-280S,94.6985447,Ace1-280S,1920153,911,2217,An.stephensi
barcode14,CM023249,8352786,791,8353577,991.3046776,Gaba-296G,94.05815424,Gaba-296G,784122,744,1320,An.stephensi
barcode14,CM023249,70580365,699,70581064,8854.680973,Gste2-119V,99.57081545,Gste2-119V,6189422,696,9774,An.stephensi
barcode14,CM023249,42817337,545,42817882,5498.190826,Vgsc-L995S,86.60550459,Vgsc-L995S,2996514,472,7250,An.stephensi
barcode14,CM023249,42830276,727,42831003,288.7895461,Vgsc-N1570Y,94.49793673,Vgsc-N1570Y,209950,687,355,An.stephensi
barcode14,CM023249,42809908,752,42810660,1372.231383,Vgsc-V402,96.0106383,Vgsc-V402,1031918,722,1550,An.stephensi
barcode15,CM023248,60913370,962,60914332,11111.58628,Ace1-280S,95.42619543,Ace1-280S,10689346,918,12215,An.stephensi
barcode15,CM023249,8352786,791,8353577,129.5600506,Gaba-296G,74.58912769,Gaba-296G,102482,590,170,An.stephensi
barcode15,CM023249,70580365,699,70581064,11029.402,Gste2-119V,99.57081545,Gste2-119V,7709552,696,12363,An.stephensi
barcode15,CM023249,42817337,545,42817882,22748.97064,Vgsc-L995S,87.88990826,Vgsc-L995S,12398189,479,29806,An.stephensi
barcode15,CM023249,42830276,727,42831003,827.3810179,Vgsc-N1570Y,97.52407153,Vgsc-N1570Y,601506,709,982,An.stephensi
barcode15,CM023249,42809908,752,42810660,4744.738032,Vgsc-V402,96.40957447,Vgsc-V402,3568043,725,5277,An.stephensi
barcode16,CM023248,60913370,962,60914332,4027.489605,Ace1-280S,95.42619543,Ace1-280S,3874445,918,4450,An.stephensi
barcode16,CM023249,8352786,791,8353577,5270.201011,Gaba-296G,96.96586599,Gaba-296G,4168729,767,6850,An.stephensi
barcode16,CM023249,70580365,699,70581064,4051.018598,Gste2-119V,99.42775393,Gste2-119V,2831662,695,4403,An.stephensi
barcode16,CM023249,42817337,545,42817882,8167.517431,Vgsc-L995S,86.60550459,Vgsc-L995S,4451297,472,10742,An.stephensi
barcode16,CM023249,42830276,727,42831003,447.8253095,Vgsc-N1570Y,96.83631362,Vgsc-N1570Y,325569,704,546,An.stephensi
barcode16,CM023249,42809908,752,42810660,2936.698138,Vgsc-V402,96.40957447,Vgsc-V402,2208397,725,3283,An.stephensi
barcode17,CM023248,60913370,962,60914332,12966.6632,Ace1-280S,95.53014553,Ace1-280S,12473930,919,14312,An.stephensi
barcode17,CM023249,8352786,791,8353577,51.57774968,Gaba-296G,0,Gaba-296G,40798,0,66,An.stephensi
barcode17,CM023249,70580365,699,70581064,5938.39628,Gste2-119V,99.42775393,Gste2-119V,4150939,695,6649,An.stephensi
barcode17,CM023249,42817337,545,42817882,9483.788991,Vgsc-L995S,86.60550459,Vgsc-L995S,5168665,472,12480,An.stephensi
barcode17,CM023249,42830276,727,42831003,469.9477304,Vgsc-N1570Y,96.9738652,Vgsc-N1570Y,341652,705,612,An.stephensi
barcode17,CM023249,42809908,752,42810660,1176.992021,Vgsc-V402,95.87765957,Vgsc-V402,885098,721,1328,An.stephensi
barcode18,CM023248,60913370,962,60914332,3938.185031,Ace1-280S,95.42619543,Ace1-280S,3788534,918,4364,An.stephensi
barcode18,CM023249,8352786,791,8353577,53.40707965,Gaba-296G,0,Gaba-296G,42245,0,70,An.stephensi
barcode18,CM023249,70580365,699,70581064,4194.527897,Gste2-119V,99.42775393,Gste2-119V,2931975,695,4759,An.stephensi
barcode18,CM023249,42817337,545,42817882,9280.053211,Vgsc-L995S,86.60550459,Vgsc-L995S,5057629,472,12217,An.stephensi
barcode18,CM023249,42830276,727,42831003,353.1430536,Vgsc-N1570Y,95.59834938,Vgsc-N1570Y,256735,695,459,An.stephensi
barcode18,CM023249,42809908,752,42810660,535.3962766,Vgsc-V402,93.61702128,Vgsc-V402,402618,704,606,An.stephensi
barcode19,CM023248,60913370,962,60914332,9500.951143,Ace1-280S,97.71309771,Ace1-280S,9139915,940,10499,An.stephensi
barcode19,CM023249,8352786,791,8353577,64.94310999,Gaba-296G,0,Gaba-296G,51370,0,86,An.stephensi
barcode19,CM023249,70580365,699,70581064,12486.59657,Gste2-119V,99.57081545,Gste2-119V,8728131,696,13649,An.stephensi
barcode19,CM023249,42817337,545,42817882,25017.41651,Vgsc-L995S,88.25688073,Vgsc-L995S,13634492,481,32907,An.stephensi
barcode19,CM023249,42830276,727,42831003,444.2888583,Vgsc-N1570Y,96.83631362,Vgsc-N1570Y,322998,704,571,An.stephensi
barcode19,CM023249,42809908,752,42810660,1481.340426,Vgsc-V402,95.87765957,Vgsc-V402,1113968,721,1655,An.stephensi
barcode20,CM023248,60913370,962,60914332,1749.112266,Ace1-280S,94.38669439,Ace1-280S,1682646,908,1935,An.stephensi
barcode20,CM023249,8352786,791,8353577,1631.346397,Gaba-296G,94.81668774,Gaba-296G,1290395,750,2110,An.stephensi
barcode20,CM023249,70580365,699,70581064,8188.875536,Gste2-119V,99.57081545,Gste2-119V,5724024,696,9008,An.stephensi
barcode20,CM023249,42817337,545,42817882,10253.56697,Vgsc-L995S,86.60550459,Vgsc-L995S,5588194,472,13437,An.stephensi
barcode20,CM023249,42830276,727,42831003,916.8143054,Vgsc-N1570Y,97.52407153,Vgsc-N1570Y,666524,709,1127,An.stephensi
barcode20,CM023249,42809908,752,42810660,2438.019947,Vgsc-V402,96.40957447,Vgsc-V402,1833391,725,2729,An.stephensi
barcode21,CM023248,60913370,962,60914332,351.6538462,Ace1-280S,93.55509356,Ace1-280S,338291,900,391,An.stephensi
barcode21,CM023249,8352786,791,8353577,263.3489254,Gaba-296G,74.71554994,Gaba-296G,208309,591,356,An.stephensi
barcode21,CM023249,70580365,699,70581064,2341.585122,Gste2-119V,99.42775393,Gste2-119V,1636768,695,2549,An.stephensi
barcode21,CM023249,42817337,545,42817882,1117.950459,Vgsc-L995S,79.63302752,Vgsc-L995S,609283,434,1473,An.stephensi
barcode21,CM023249,42830276,727,42831003,211.2475928,Vgsc-N1570Y,94.77303989,Vgsc-N1570Y,153577,689,265,An.stephensi
barcode21,CM023249,42809908,752,42810660,274.0944149,Vgsc-V402,91.75531915,Vgsc-V402,206119,690,309,An.stephensi
barcode22,CM023248,60913370,962,60914332,2171.39605,Ace1-280S,94.59459459,Ace1-280S,2088883,910,2409,An.stephensi
barcode22,CM023249,8352786,791,8353577,1026.026549,Gaba-296G,93.93173198,Gaba-296G,811587,743,1348,An.stephensi
barcode22,CM023249,70580365,699,70581064,2670.391989,Gste2-119V,99.42775393,Gste2-119V,1866604,695,2961,An.stephensi
barcode22,CM023249,42817337,545,42817882,3817.693578,Vgsc-L995S,84.40366972,Vgsc-L995S,2080643,460,5026,An.stephensi
barcode22,CM023249,42830276,727,42831003,325.3108666,Vgsc-N1570Y,96.14855571,Vgsc-N1570Y,236501,699,405,An.stephensi
barcode22,CM023249,42809908,752,42810660,1127.929521,Vgsc-V402,94.54787234,Vgsc-V402,848203,711,1260,An.stephensi
barcode23,CM023248,60913370,962,60914332,2311.593555,Ace1-280S,94.8024948,Ace1-280S,2223753,912,2550,An.stephensi
barcode23,CM023249,8352786,791,8353577,402.1340076,Gaba-296G,92.79393173,Gaba-296G,318088,734,525,An.stephensi
barcode23,CM023249,70580365,699,70581064,2440.90701,Gste2-119V,99.42775393,Gste2-119V,1706194,695,2734,An.stephensi
barcode23,CM023249,42817337,545,42817882,1497.014679,Vgsc-L995S,82.01834862,Vgsc-L995S,815873,447,1975,An.stephensi
barcode23,CM023249,42830276,727,42831003,126.389271,Vgsc-N1570Y,91.47180193,Vgsc-N1570Y,91885,665,158,An.stephensi
barcode23,CM023249,42809908,752,42810660,1209.329787,Vgsc-V402,96.14361702,Vgsc-V402,909416,723,1350,An.stephensi
barcode24,CM023248,60913370,962,60914332,13421.80146,Ace1-280S,97.81704782,Ace1-280S,12911773,941,14813,An.stephensi
barcode24,CM023249,8352786,791,8353577,1992.00885,Gaba-296G,75.85335019,Gaba-296G,1575679,600,2702,An.stephensi
barcode24,CM023249,70580365,699,70581064,10383.78541,Gste2-119V,99.57081545,Gste2-119V,7258266,696,11292,An.stephensi
barcode24,CM023249,42817337,545,42817882,8333.289908,Vgsc-L995S,86.60550459,Vgsc-L995S,4541643,472,10954,An.stephensi
barcode24,CM023249,42830276,727,42831003,915.2489684,Vgsc-N1570Y,97.52407153,Vgsc-N1570Y,665386,709,1149,An.stephensi
barcode24,CM023249,42809908,752,42810660,3007.602394,Vgsc-V402,96.40957447,Vgsc-V402,2261717,725,3374,An.stephensi
barcode25,CM023248,60913370,962,60914332,4405.265073,Ace1-280S,95.42619543,Ace1-280S,4237865,918,4871,An.stephensi
barcode25,CM023249,8352786,791,8353577,1429.742099,Gaba-296G,94.69026549,Gaba-296G,1130926,749,1857,An.stephensi
barcode25,CM023249,70580365,699,70581064,11635.80114,Gste2-119V,99.57081545,Gste2-119V,8133425,696,12893,An.stephensi
barcode25,CM023249,42817337,545,42817882,12366.87339,Vgsc-L995S,86.78899083,Vgsc-L995S,6739946,473,16259,An.stephensi
barcode25,CM023249,42830276,727,42831003,377.0550206,Vgsc-N1570Y,96.14855571,Vgsc-N1570Y,274119,699,485,An.stephensi
barcode25,CM023249,42809908,752,42810660,1887.839096,Vgsc-V402,96.27659574,Vgsc-V402,1419655,724,2127,An.stephensi
barcode26,CM023248,60913370,962,60914332,1445.538462,Ace1-280S,94.28274428,Ace1-280S,1390608,907,1604,An.stephensi
barcode26,CM023249,8352786,791,8353577,45.2920354,Gaba-296G,0,Gaba-296G,35826,0,57,An.stephensi
barcode26,CM023249,70580365,699,70581064,6151.640916,Gste2-119V,99.57081545,Gste2-119V,4299997,696,6788,An.stephensi
barcode26,CM023249,42817337,545,42817882,9395.875229,Vgsc-L995S,86.60550459,Vgsc-L995S,5120752,472,12349,An.stephensi
barcode26,CM023249,42830276,727,42831003,299.1691884,Vgsc-N1570Y,94.77303989,Vgsc-N1570Y,217496,689,354,An.stephensi
barcode26,CM023249,42809908,752,42810660,1192.518617,Vgsc-V402,95.87765957,Vgsc-V402,896774,721,1333,An.stephensi
barcode27,CM023248,60913370,962,60914332,4312.234927,Ace1-280S,95.42619543,Ace1-280S,4148370,918,4769,An.stephensi
barcode27,CM023249,8352786,791,8353577,2734.719343,Gaba-296G,94.94310999,Gaba-296G,2163163,751,3546,An.stephensi
barcode27,CM023249,70580365,699,70581064,8312.908441,Gste2-119V,99.57081545,Gste2-119V,5810723,696,9186,An.stephensi
barcode27,CM023249,42817337,545,42817882,11898.72844,Vgsc-L995S,86.60550459,Vgsc-L995S,6484807,472,15617,An.stephensi
barcode27,CM023249,42830276,727,42831003,981.4841816,Vgsc-N1570Y,97.52407153,Vgsc-N1570Y,713539,709,1199,An.stephensi
barcode27,CM023249,42809908,752,42810660,4905.336436,Vgsc-V402,96.40957447,Vgsc-V402,3688813,725,5490,An.stephensi
barcode28,CM023248,60913370,962,60914332,7166.136175,Ace1-280S,96.15384615,Ace1-280S,6893823,925,7937,An.stephensi
barcode28,CM023249,8352786,791,8353577,43.08596713,Gaba-296G,0,Gaba-296G,34081,0,57,An.stephensi
barcode28,CM023249,70580365,699,70581064,7715.924177,Gste2-119V,99.57081545,Gste2-119V,5393431,696,8394,An.stephensi
barcode28,CM023249,42817337,545,42817882,14636.7945,Vgsc-L995S,86.60550459,Vgsc-L995S,7977053,472,19242,An.stephensi
barcode28,CM023249,42830276,727,42831003,579.8363136,Vgsc-N1570Y,96.9738652,Vgsc-N1570Y,421541,705,701,An.stephensi
barcode28,CM023249,42809908,752,42810660,2285.650266,Vgsc-V402,96.27659574,Vgsc-V402,1718809,724,2558,An.stephensi
barcode29,CM023248,60913370,962,60914332,11233.61642,Ace1-280S,95.94594595,Ace1-280S,10806739,923,12403,An.stephensi
barcode29,CM023249,8352786,791,8353577,4689.356511,Gaba-296G,96.20733249,Gaba-296G,3709281,761,6122,An.stephensi
barcode29,CM023249,70580365,699,70581064,9103.351931,Gste2-119V,99.57081545,Gste2-119V,6363243,696,10249,An.stephensi
barcode29,CM023249,42817337,545,42817882,7808.950459,Vgsc-L995S,87.1559633,Vgsc-L995S,4255878,475,10309,An.stephensi
barcode29,CM023249,42830276,727,42831003,416.1059147,Vgsc-N1570Y,96.83631362,Vgsc-N1570Y,302509,704,495,An.stephensi
barcode29,CM023249,42809908,752,42810660,2718.390957,Vgsc-V402,96.27659574,Vgsc-V402,2044230,724,3031,An.stephensi
barcode30,CM023248,60913370,962,60914332,10104.37318,Ace1-280S,95.94594595,Ace1-280S,9720407,923,11183,An.stephensi
barcode30,CM023249,8352786,791,8353577,1659.083439,Gaba-296G,94.69026549,Gaba-296G,1312335,749,2174,An.stephensi
barcode30,CM023249,70580365,699,70581064,8108.613734,Gste2-119V,99.57081545,Gste2-119V,5667921,696,8875,An.stephensi
barcode30,CM023249,42817337,545,42817882,6602.877064,Vgsc-L995S,86.60550459,Vgsc-L995S,3598568,472,8650,An.stephensi
barcode30,CM023249,42830276,727,42831003,694.7290234,Vgsc-N1570Y,97.38651994,Vgsc-N1570Y,505068,708,847,An.stephensi
barcode30,CM023249,42809908,752,42810660,4543.111702,Vgsc-V402,96.40957447,Vgsc-V402,3416420,725,5075,An.stephensi
barcode31,CM023248,60913370,962,60914332,10415.18399,Ace1-280S,95.53014553,Ace1-280S,10019407,919,11485,An.stephensi
barcode31,CM023249,8352786,791,8353577,5675.096081,Gaba-296G,97.85082174,Gaba-296G,4489001,774,7318,An.stephensi
barcode31,CM023249,70580365,699,70581064,6361.496423,Gste2-119V,99.57081545,Gste2-119V,4446686,696,7145,An.stephensi
barcode31,CM023249,42817337,545,42817882,9169.007339,Vgsc-L995S,86.60550459,Vgsc-L995S,4997109,472,12046,An.stephensi
barcode31,CM023249,42830276,727,42831003,324.7138927,Vgsc-N1570Y,96.56121045,Vgsc-N1570Y,236067,702,402,An.stephensi
barcode31,CM023249,42809908,752,42810660,4126.81117,Vgsc-V402,96.40957447,Vgsc-V402,3103362,725,4605,An.stephensi
barcode32,CM023248,60913370,962,60914332,424.0239085,Ace1-280S,93.65904366,Ace1-280S,407911,901,477,An.stephensi
barcode32,CM023249,8352786,791,8353577,5950.596713,Gaba-296G,96.83944374,Gaba-296G,4706922,766,7886,An.stephensi
barcode32,CM023249,70580365,699,70581064,20766.68813,Gste2-119V,99.57081545,Gste2-119V,14515915,696,23205,An.stephensi
barcode32,CM023249,42817337,545,42817882,21994.92844,Vgsc-L995S,88.25688073,Vgsc-L995S,11987236,481,28756,An.stephensi
barcode32,CM023249,42830276,727,42831003,572.0742779,Vgsc-N1570Y,97.24896836,Vgsc-N1570Y,415898,707,683,An.stephensi
barcode32,CM023249,42809908,752,42810660,5147.647606,Vgsc-V402,96.40957447,Vgsc-V402,3871031,725,5728,An.stephensi
barcode33,CM023248,60913370,962,60914332,7563.767152,Ace1-280S,97.71309771,Ace1-280S,7276344,940,8992,An.stephensi
barcode33,CM023249,8352786,791,8353577,3052.852086,Gaba-296G,95.06953224,Gaba-296G,2414806,752,3972,An.stephensi
barcode33,CM023249,70580365,699,70581064,9058.51073,Gste2-119V,99.57081545,Gste2-119V,6331899,696,10112,An.stephensi
barcode33,CM023249,42817337,545,42817882,14731.49174,Vgsc-L995S,87.70642202,Vgsc-L995S,8028663,478,19384,An.stephensi
barcode33,CM023249,42830276,727,42831003,568.5488308,Vgsc-N1570Y,97.11141678,Vgsc-N1570Y,413335,706,712,An.stephensi
barcode33,CM023249,42809908,752,42810660,2413.783245,Vgsc-V402,96.27659574,Vgsc-V402,1815165,724,2710,An.stephensi
barcode35,CM023248,60913370,962,60914332,14266.97505,Ace1-280S,97.71309771,Ace1-280S,13724830,940,15789,An.stephensi
barcode35,CM023249,8352786,791,8353577,322.9443742,Gaba-296G,74.58912769,Gaba-296G,255449,590,423,An.stephensi
barcode35,CM023249,70580365,699,70581064,9669.228898,Gste2-119V,99.57081545,Gste2-119V,6758791,696,10662,An.stephensi
barcode35,CM023249,42817337,545,42817882,19845.44037,Vgsc-L995S,86.78899083,Vgsc-L995S,10815765,473,26189,An.stephensi
barcode35,CM023249,42830276,727,42831003,1161.048143,Vgsc-N1570Y,97.52407153,Vgsc-N1570Y,844082,709,1400,An.stephensi
barcode35,CM023249,42809908,752,42810660,4617.833777,Vgsc-V402,96.40957447,Vgsc-V402,3472611,725,5153,An.stephensi
barcode38,CM023248,60913370,962,60914332,2670.241164,Ace1-280S,95.01039501,Ace1-280S,2568772,914,2994,An.stephensi
barcode38,CM023249,8352786,791,8353577,505.9987358,Gaba-296G,92.66750948,Gaba-296G,400245,733,653,An.stephensi
barcode38,CM023249,70580365,699,70581064,4577.184549,Gste2-119V,99.42775393,Gste2-119V,3199452,695,4930,An.stephensi
barcode38,CM023249,42817337,545,42817882,6098.300917,Vgsc-L995S,86.05504587,Vgsc-L995S,3323574,469,8078,An.stephensi
barcode38,CM023249,42830276,727,42831003,635.0632737,Vgsc-N1570Y,97.38651994,Vgsc-N1570Y,461691,708,767,An.stephensi
barcode38,CM023249,42809908,752,42810660,1367.896277,Vgsc-V402,96.27659574,Vgsc-V402,1028658,724,1533,An.stephensi
barcode40,CM023248,60913370,962,60914332,17957.30769,Ace1-280S,97.92099792,Ace1-280S,17274930,942,19909,An.stephensi
barcode40,CM023249,8352786,791,8353577,295.1276865,Gaba-296G,74.71554994,Gaba-296G,233446,591,391,An.stephensi
barcode40,CM023249,70580365,699,70581064,12460.60229,Gste2-119V,99.71387697,Gste2-119V,8709961,697,13424,An.stephensi
barcode40,CM023249,42817337,545,42817882,21484.57248,Vgsc-L995S,87.33944954,Vgsc-L995S,11709092,476,28457,An.stephensi
barcode40,CM023249,42830276,727,42831003,1784.094911,Vgsc-N1570Y,98.21182944,Vgsc-N1570Y,1297037,714,2236,An.stephensi
barcode40,CM023249,42809908,752,42810660,4992.287234,Vgsc-V402,96.40957447,Vgsc-V402,3754200,725,5591,An.stephensi
barcode44,CM023248,60913370,962,60914332,4775.686071,Ace1-280S,97.60914761,Ace1-280S,4594210,939,5347,An.stephensi
barcode44,CM023249,8352786,791,8353577,35.44247788,Gaba-296G,0,Gaba-296G,28035,0,51,An.stephensi
barcode44,CM023249,70580365,699,70581064,2789.851216,Gste2-119V,99.42775393,Gste2-119V,1950106,695,3152,An.stephensi
barcode44,CM023249,42817337,545,42817882,5159.601835,Vgsc-L995S,86.23853211,Vgsc-L995S,2811983,470,6852,An.stephensi
barcode44,CM023249,42830276,727,42831003,401.3617607,Vgsc-N1570Y,96.28610729,Vgsc-N1570Y,291790,700,536,An.stephensi
barcode44,CM023249,42809908,752,42810660,820.75,Vgsc-V402,94.01595745,Vgsc-V402,617204,707,924,An.stephensi
barcode45,CM023248,60913370,962,60914332,31014.58836,Ace1-280S,97.92099792,Ace1-280S,29836034,942,34715,An.stephensi
barcode45,CM023249,8352786,791,8353577,76.46270544,Gaba-296G,18.45764855,Gaba-296G,60482,146,100,An.stephensi
barcode45,CM023249,70580365,699,70581064,20044.42918,Gste2-119V,99.71387697,Gste2-119V,14011056,697,21614,An.stephensi
barcode45,CM023249,42817337,545,42817882,23624.23303,Vgsc-L995S,88.25688073,Vgsc-L995S,12875207,481,31190,An.stephensi
barcode45,CM023249,42830276,727,42831003,220.5392022,Vgsc-N1570Y,94.08528198,Vgsc-N1570Y,160332,684,320,An.stephensi
barcode45,CM023249,42809908,752,42810660,346.8603723,Vgsc-V402,92.0212766,Vgsc-V402,260839,692,391,An.stephensi
barcode48,CM023248,60913370,962,60914332,58562.83576,Ace1-280S,97.92099792,Ace1-280S,56337448,942,64311,An.stephensi
barcode48,CM023249,8352786,791,8353577,1067.384324,Gaba-296G,94.43742099,Gaba-296G,844301,747,1404,An.stephensi
barcode48,CM023249,70580365,699,70581064,43662.68526,Gste2-119V,99.71387697,Gste2-119V,30520217,697,48371,An.stephensi
barcode48,CM023249,42817337,545,42817882,44191.95596,Vgsc-L995S,88.80733945,Vgsc-L995S,24084616,484,58083,An.stephensi
barcode48,CM023249,42830276,727,42831003,3195.316369,Vgsc-N1570Y,98.76203576,Vgsc-N1570Y,2322995,718,3854,An.stephensi
barcode48,CM023249,42809908,752,42810660,10173.84309,Vgsc-V402,96.40957447,Vgsc-V402,7650730,725,11366,An.stephensi
barcode49,CM023248,60913370,962,60914332,27177.03015,Ace1-280S,98.12889813,Ace1-280S,26144303,944,30593,An.stephensi
barcode49,CM023249,8352786,791,8353577,92.68015171,Gaba-296G,74.33628319,Gaba-296G,73310,588,138,An.stephensi
barcode49,CM023249,70580365,699,70581064,18192.69814,Gste2-119V,99.71387697,Gste2-119V,12716696,697,19454,An.stephensi
barcode49,CM023249,42817337,545,42817882,25851.16697,Vgsc-L995S,88.0733945,Vgsc-L995S,14088886,480,34160,An.stephensi
barcode49,CM023249,42830276,727,42831003,735.2833563,Vgsc-N1570Y,97.24896836,Vgsc-N1570Y,534551,707,981,An.stephensi
barcode49,CM023249,42809908,752,42810660,610.8962766,Vgsc-V402,93.48404255,Vgsc-V402,459394,703,685,An.stephensi
barcode50,CM023248,60913370,962,60914332,3391.906445,Ace1-280S,95.32224532,Ace1-280S,3263014,917,3756,An.stephensi
barcode50,CM023249,8352786,791,8353577,1723.957016,Gaba-296G,94.69026549,Gaba-296G,1363650,749,2249,An.stephensi
barcode50,CM023249,70580365,699,70581064,3668.712446,Gste2-119V,99.42775393,Gste2-119V,2564430,695,4012,An.stephensi
barcode50,CM023249,42817337,545,42817882,2856.772477,Vgsc-L995S,83.48623853,Vgsc-L995S,1556941,455,3731,An.stephensi
barcode50,CM023249,42830276,727,42831003,252.0385144,Vgsc-N1570Y,96.9738652,Vgsc-N1570Y,183232,705,302,An.stephensi
barcode50,CM023249,42809908,752,42810660,1365.296543,Vgsc-V402,96.14361702,Vgsc-V402,1026703,723,1531,An.stephensi
barcode53,CM023248,60913370,962,60914332,3580.698545,Ace1-280S,95.42619543,Ace1-280S,3444632,918,3964,An.stephensi
barcode53,CM023249,8352786,791,8353577,2584.950695,Gaba-296G,94.94310999,Gaba-296G,2044696,751,3361,An.stephensi
barcode53,CM023249,70580365,699,70581064,1185.486409,Gste2-119V,99.28469242,Gste2-119V,828655,694,1340,An.stephensi
barcode53,CM023249,42817337,545,42817882,2112.359633,Vgsc-L995S,82.75229358,Vgsc-L995S,1151236,451,2753,An.stephensi
barcode53,CM023249,42830276,727,42831003,525.303989,Vgsc-N1570Y,97.11141678,Vgsc-N1570Y,381896,706,646,An.stephensi
barcode53,CM023249,42809908,752,42810660,1201.670213,Vgsc-V402,95.4787234,Vgsc-V402,903656,718,1345,An.stephensi
barcode54,CM023248,60913370,962,60914332,2723.741164,Ace1-280S,95.11434511,Ace1-280S,2620239,915,2998,An.stephensi
barcode54,CM023249,8352786,791,8353577,48.19595449,Gaba-296G,0,Gaba-296G,38123,0,64,An.stephensi
barcode54,CM023249,70580365,699,70581064,4942.127325,Gste2-119V,99.42775393,Gste2-119V,3454547,695,5333,An.stephensi
barcode54,CM023249,42817337,545,42817882,5845.023853,Vgsc-L995S,86.42201835,Vgsc-L995S,3185538,471,7660,An.stephensi
barcode54,CM023249,42830276,727,42831003,213.9422283,Vgsc-N1570Y,94.08528198,Vgsc-N1570Y,155536,684,260,An.stephensi
barcode54,CM023249,42809908,752,42810660,211.0531915,Vgsc-V402,91.75531915,Vgsc-V402,158712,690,238,An.stephensi
barcode55,CM023248,60913370,962,60914332,553.5914761,Ace1-280S,93.65904366,Ace1-280S,532555,901,619,An.stephensi
barcode55,CM023249,8352786,791,8353577,72.20859671,Gaba-296G,0,Gaba-296G,57117,0,95,An.stephensi
barcode55,CM023249,70580365,699,70581064,9931.866953,Gste2-119V,99.57081545,Gste2-119V,6942375,696,10868,An.stephensi
barcode55,CM023249,42817337,545,42817882,6345.706422,Vgsc-L995S,86.60550459,Vgsc-L995S,3458410,472,8354,An.stephensi
barcode55,CM023249,42830276,727,42831003,818.8830812,Vgsc-N1570Y,97.52407153,Vgsc-N1570Y,595328,709,1001,An.stephensi
barcode55,CM023249,42809908,752,42810660,2833.176862,Vgsc-V402,96.40957447,Vgsc-V402,2130549,725,3160,An.stephensi
barcode56,CM023248,60913370,962,60914332,6521.220374,Ace1-280S,97.71309771,Ace1-280S,6273414,940,7966,An.stephensi
barcode56,CM023249,8352786,791,8353577,16876.70291,Gaba-296G,98.35651075,Gaba-296G,13349472,778,21785,An.stephensi
barcode56,CM023249,70580365,699,70581064,26114.58798,Gste2-119V,99.71387697,Gste2-119V,18254097,697,28824,An.stephensi
barcode56,CM023249,42817337,545,42817882,23314.48991,Vgsc-L995S,86.97247706,Vgsc-L995S,12706397,474,30661,An.stephensi
barcode56,CM023249,42830276,727,42831003,988.9876204,Vgsc-N1570Y,97.52407153,Vgsc-N1570Y,718994,709,1175,An.stephensi
barcode56,CM023249,42809908,752,42810660,3349.356383,Vgsc-V402,96.40957447,Vgsc-V402,2518716,725,3727,An.stephensi
barcode57,CM023248,60913370,962,60914332,1366.170478,Ace1-280S,94.38669439,Ace1-280S,1314256,908,1609,An.stephensi
barcode57,CM023249,8352786,791,8353577,24.86472819,Gaba-296G,0,Gaba-296G,19668,0,32,An.stephensi
barcode57,CM023249,70580365,699,70581064,1483.79113,Gste2-119V,99.1416309,Gste2-119V,1037170,693,1624,An.stephensi
barcode57,CM023249,42817337,545,42817882,1794.831193,Vgsc-L995S,82.01834862,Vgsc-L995S,978183,447,2359,An.stephensi
barcode57,CM023249,42830276,727,42831003,68.8349381,Vgsc-N1570Y,0,Vgsc-N1570Y,50043,0,93,An.stephensi
barcode57,CM023249,42809908,752,42810660,195.8603723,Vgsc-V402,91.75531915,Vgsc-V402,147287,690,218,An.stephensi
barcode58,CM023248,60913370,962,60914332,6056.718295,Ace1-280S,95.42619543,Ace1-280S,5826563,918,6680,An.stephensi
barcode58,CM023249,8352786,791,8353577,40.01517067,Gaba-296G,0,Gaba-296G,31652,0,52,An.stephensi
barcode58,CM023249,70580365,699,70581064,4340.206009,Gste2-119V,99.42775393,Gste2-119V,3033804,695,4917,An.stephensi
barcode58,CM023249,42817337,545,42817882,10763.33761,Vgsc-L995S,86.60550459,Vgsc-L995S,5866019,472,14132,An.stephensi
barcode58,CM023249,42830276,727,42831003,763.2242091,Vgsc-N1570Y,97.24896836,Vgsc-N1570Y,554864,707,908,An.stephensi
barcode58,CM023249,42809908,752,42810660,3043.753989,Vgsc-V402,96.40957447,Vgsc-V402,2288903,725,3407,An.stephensi
barcode59,CM023248,60913370,962,60914332,546.487526,Ace1-280S,93.65904366,Ace1-280S,525721,901,610,An.stephensi
barcode59,CM023249,8352786,791,8353577,64.46523388,Gaba-296G,0,Gaba-296G,50992,0,85,An.stephensi
barcode59,CM023249,70580365,699,70581064,5764.58083,Gste2-119V,99.57081545,Gste2-119V,4029442,696,6537,An.stephensi
barcode59,CM023249,42817337,545,42817882,3475.502752,Vgsc-L995S,84.03669725,Vgsc-L995S,1894149,458,4544,An.stephensi
barcode59,CM023249,42830276,727,42831003,695.9766162,Vgsc-N1570Y,97.52407153,Vgsc-N1570Y,505975,709,836,An.stephensi
barcode59,CM023249,42809908,752,42810660,1373.289894,Vgsc-V402,95.61170213,Vgsc-V402,1032714,719,1529,An.stephensi
barcode60,CM023248,60913370,962,60914332,2161.809771,Ace1-280S,94.8024948,Ace1-280S,2079661,912,2749,An.stephensi
barcode60,CM023249,8352786,791,8353577,42.05941846,Gaba-296G,0,Gaba-296G,33269,0,55,An.stephensi
barcode60,CM023249,70580365,699,70581064,3489.13877,Gste2-119V,99.42775393,Gste2-119V,2438908,695,3830,An.stephensi
barcode60,CM023249,42817337,545,42817882,3916.911927,Vgsc-L995S,85.87155963,Vgsc-L995S,2134717,468,5138,An.stephensi
barcode60,CM023249,42830276,727,42831003,53.70013755,Vgsc-N1570Y,0,Vgsc-N1570Y,39040,0,63,An.stephensi
barcode60,CM023249,42809908,752,42810660,1352.014628,Vgsc-V402,95.87765957,Vgsc-V402,1016715,721,1507,An.stephensi
barcode62,CM023248,60913370,962,60914332,11583.97193,Ace1-280S,97.71309771,Ace1-280S,11143781,940,14345,An.stephensi
barcode62,CM023249,8352786,791,8353577,3857.001264,Gaba-296G,95.95448799,Gaba-296G,3050888,759,4999,An.stephensi
barcode62,CM023249,70580365,699,70581064,11187.06295,Gste2-119V,99.57081545,Gste2-119V,7819757,696,12388,An.stephensi
barcode62,CM023249,42817337,545,42817882,15430.22752,Vgsc-L995S,86.78899083,Vgsc-L995S,8409474,473,20202,An.stephensi
barcode62,CM023249,42830276,727,42831003,436.0261348,Vgsc-N1570Y,96.9738652,Vgsc-N1570Y,316991,705,521,An.stephensi
barcode62,CM023249,42809908,752,42810660,5297.62633,Vgsc-V402,96.40957447,Vgsc-V402,3983815,725,5921,An.stephensi
barcode63,CM023248,60913370,962,60914332,4803.471933,Ace1-280S,95.42619543,Ace1-280S,4620940,918,5298,An.stephensi
barcode63,CM023249,8352786,791,8353577,2064.189633,Gaba-296G,75.72692794,Gaba-296G,1632774,599,2793,An.stephensi
barcode63,CM023249,70580365,699,70581064,9521.11588,Gste2-119V,99.57081545,Gste2-119V,6655260,696,10545,An.stephensi
barcode63,CM023249,42817337,545,42817882,7653.174312,Vgsc-L995S,86.60550459,Vgsc-L995S,4170980,472,10057,An.stephensi
barcode63,CM023249,42830276,727,42831003,676.4387895,Vgsc-N1570Y,97.38651994,Vgsc-N1570Y,491771,708,817,An.stephensi
barcode63,CM023249,42809908,752,42810660,1690.836436,Vgsc-V402,95.21276596,Vgsc-V402,1271509,716,1886,An.stephensi
barcode64,CM023248,60913370,962,60914332,5300.505198,Ace1-280S,95.42619543,Ace1-280S,5099086,918,5866,An.stephensi
barcode64,CM023249,8352786,791,8353577,44.90644753,Gaba-296G,0,Gaba-296G,35521,0,60,An.stephensi
barcode64,CM023249,70580365,699,70581064,5444.801144,Gste2-119V,99.57081545,Gste2-119V,3805916,696,6182,An.stephensi
barcode64,CM023249,42817337,545,42817882,5466.842202,Vgsc-L995S,86.42201835,Vgsc-L995S,2979429,471,7168,An.stephensi
barcode64,CM023249,42830276,727,42831003,358.2888583,Vgsc-N1570Y,95.4607978,Vgsc-N1570Y,260476,694,431,An.stephensi
barcode64,CM023249,42809908,752,42810660,2075.43484,Vgsc-V402,96.27659574,Vgsc-V402,1560727,724,2332,An.stephensi
barcode65,CM023248,60913370,962,60914332,533.7318087,Ace1-280S,93.65904366,Ace1-280S,513450,901,598,An.stephensi
barcode65,CM023249,8352786,791,8353577,6424.491783,Gaba-296G,98.10366625,Gaba-296G,5081773,776,8265,An.stephensi
barcode65,CM023249,70580365,699,70581064,3849.085837,Gste2-119V,99.42775393,Gste2-119V,2690511,695,4248,An.stephensi
barcode65,CM023249,42817337,545,42817882,9211.442202,Vgsc-L995S,86.60550459,Vgsc-L995S,5020236,472,12136,An.stephensi
barcode65,CM023249,42830276,727,42831003,90.02063274,Vgsc-N1570Y,29.02338377,Vgsc-N1570Y,65445,211,108,An.stephensi
barcode65,CM023249,42809908,752,42810660,1340.481383,Vgsc-V402,95.87765957,Vgsc-V402,1008042,721,1492,An.stephensi
barcode67,CM023248,60913370,962,60914332,4195.099792,Ace1-280S,95.32224532,Ace1-280S,4035686,917,4632,An.stephensi
barcode67,CM023249,8352786,791,8353577,1819.768647,Gaba-296G,94.69026549,Gaba-296G,1439437,749,2388,An.stephensi
barcode67,CM023249,70580365,699,70581064,4879.802575,Gste2-119V,99.42775393,Gste2-119V,3410982,695,5313,An.stephensi
barcode67,CM023249,42817337,545,42817882,2460.99633,Vgsc-L995S,83.11926606,Vgsc-L995S,1341243,453,3246,An.stephensi
barcode67,CM023249,42830276,727,42831003,254.8005502,Vgsc-N1570Y,94.63548831,Vgsc-N1570Y,185240,688,314,An.stephensi
barcode67,CM023249,42809908,752,42810660,2449.590426,Vgsc-V402,96.27659574,Vgsc-V402,1842092,724,2743,An.stephensi
barcode68,CM023248,60913370,962,60914332,4839.25052,Ace1-280S,95.42619543,Ace1-280S,4655359,918,5333,An.stephensi
barcode68,CM023249,8352786,791,8353577,6500.852086,Gaba-296G,97.34513274,Gaba-296G,5142174,770,8504,An.stephensi
barcode68,CM023249,70580365,699,70581064,5055.184549,Gste2-119V,99.42775393,Gste2-119V,3533574,695,5528,An.stephensi
barcode68,CM023249,42817337,545,42817882,7099.423853,Vgsc-L995S,86.60550459,Vgsc-L995S,3869186,472,9364,An.stephensi
barcode68,CM023249,42830276,727,42831003,889.5804677,Vgsc-N1570Y,97.52407153,Vgsc-N1570Y,646725,709,1065,An.stephensi
barcode68,CM023249,42809908,752,42810660,3279.098404,Vgsc-V402,96.40957447,Vgsc-V402,2465882,725,3662,An.stephensi
barcode69,CM023248,60913370,962,60914332,14597.00104,Ace1-280S,97.81704782,Ace1-280S,14042315,941,16130,An.stephensi
barcode69,CM023249,8352786,791,8353577,3094.873578,Gaba-296G,93.80530973,Gaba-296G,2448045,742,4163,An.stephensi
barcode69,CM023249,70580365,699,70581064,8926.244635,Gste2-119V,99.57081545,Gste2-119V,6239445,696,9957,An.stephensi
barcode69,CM023249,42817337,545,42817882,10284.42385,Vgsc-L995S,86.60550459,Vgsc-L995S,5605011,472,13421,An.stephensi
barcode69,CM023249,42830276,727,42831003,575.045392,Vgsc-N1570Y,97.11141678,Vgsc-N1570Y,418058,706,687,An.stephensi
barcode69,CM023249,42809908,752,42810660,1875.405585,Vgsc-V402,95.87765957,Vgsc-V402,1410305,721,2092,An.stephensi
barcode70,CM023248,60913370,962,60914332,5482.97817,Ace1-280S,95.42619543,Ace1-280S,5274625,918,6048,An.stephensi
barcode70,CM023249,8352786,791,8353577,6760.466498,Gaba-296G,97.59797724,Gaba-296G,5347529,772,8863,An.stephensi
barcode70,CM023249,70580365,699,70581064,13893.83405,Gste2-119V,99.57081545,Gste2-119V,9711790,696,15406,An.stephensi
barcode70,CM023249,42817337,545,42817882,3405.117431,Vgsc-L995S,83.85321101,Vgsc-L995S,1855789,457,4438,An.stephensi
barcode70,CM023249,42830276,727,42831003,778.0302613,Vgsc-N1570Y,97.38651994,Vgsc-N1570Y,565628,708,940,An.stephensi
barcode70,CM023249,42809908,752,42810660,1537.87234,Vgsc-V402,95.87765957,Vgsc-V402,1156480,721,1712,An.stephensi
barcode71,CM023248,60913370,962,60914332,603.2151767,Ace1-280S,93.76299376,Ace1-280S,580293,902,678,An.stephensi
barcode71,CM023249,8352786,791,8353577,84.30594185,Gaba-296G,73.83059418,Gaba-296G,66686,584,109,An.stephensi
barcode71,CM023249,70580365,699,70581064,4714.618026,Gste2-119V,99.42775393,Gste2-119V,3295518,695,5326,An.stephensi
barcode71,CM023249,42817337,545,42817882,13504.14312,Vgsc-L995S,87.1559633,Vgsc-L995S,7359758,475,17727,An.stephensi
barcode71,CM023249,42830276,727,42831003,428.3851444,Vgsc-N1570Y,96.56121045,Vgsc-N1570Y,311436,702,518,An.stephensi
barcode71,CM023249,42809908,752,42810660,3131.652926,Vgsc-V402,96.40957447,Vgsc-V402,2355003,725,3483,An.stephensi
barcode72,CM023248,60913370,962,60914332,684.7359667,Ace1-280S,93.65904366,Ace1-280S,658716,901,1582,An.stephensi
barcode72,CM023249,8352786,791,8353577,82.64096081,Gaba-296G,73.19848293,Gaba-296G,65369,579,107,An.stephensi
barcode72,CM023249,70580365,699,70581064,10001.74392,Gste2-119V,99.57081545,Gste2-119V,6991219,696,11295,An.stephensi
barcode72,CM023249,42817337,545,42817882,20566.07156,Vgsc-L995S,87.52293578,Vgsc-L995S,11208509,477,27067,An.stephensi
barcode72,CM023249,42830276,727,42831003,750.3548831,Vgsc-N1570Y,97.38651994,Vgsc-N1570Y,545508,708,899,An.stephensi
barcode72,CM023249,42809908,752,42810660,5379.303191,Vgsc-V402,96.40957447,Vgsc-V402,4045236,725,5991,An.stephensi
barcode73,CM023248,60913370,962,60914332,1810.003119,Ace1-280S,94.59459459,Ace1-280S,1741223,910,2018,An.stephensi
barcode73,CM023249,8352786,791,8353577,65.16182048,Gaba-296G,0,Gaba-296G,51543,0,84,An.stephensi
barcode73,CM023249,70580365,699,70581064,1241.246066,Gste2-119V,99.1416309,Gste2-119V,867631,693,1387,An.stephensi
barcode73,CM023249,42817337,545,42817882,2956.150459,Vgsc-L995S,83.48623853,Vgsc-L995S,1611102,455,3884,An.stephensi
barcode73,CM023249,42830276,727,42831003,208.997249,Vgsc-N1570Y,94.77303989,Vgsc-N1570Y,151941,689,253,An.stephensi
barcode73,CM023249,42809908,752,42810660,1254.581117,Vgsc-V402,95.61170213,Vgsc-V402,943445,719,1399,An.stephensi
barcode75,CM023248,60913370,962,60914332,7242.290021,Ace1-280S,95.53014553,Ace1-280S,6967083,919,7955,An.stephensi
barcode75,CM023249,8352786,791,8353577,218.2326169,Gaba-296G,74.71554994,Gaba-296G,172622,591,291,An.stephensi
barcode75,CM023249,70580365,699,70581064,4785.400572,Gste2-119V,99.42775393,Gste2-119V,3344995,695,5409,An.stephensi
barcode75,CM023249,42817337,545,42817882,17006.74862,Vgsc-L995S,86.60550459,Vgsc-L995S,9268678,472,22254,An.stephensi
barcode75,CM023249,42830276,727,42831003,487.4332875,Vgsc-N1570Y,96.56121045,Vgsc-N1570Y,354364,702,598,An.stephensi
barcode75,CM023249,42809908,752,42810660,4583.817819,Vgsc-V402,96.40957447,Vgsc-V402,3447031,725,5112,An.stephensi
barcode76,CM023248,60913370,962,60914332,16893.77859,Ace1-280S,97.81704782,Ace1-280S,16251815,941,18656,An.stephensi
barcode76,CM023249,8352786,791,8353577,4770.152971,Gaba-296G,96.58659924,Gaba-296G,3773191,764,6159,An.stephensi
barcode76,CM023249,70580365,699,70581064,13576.26037,Gste2-119V,99.57081545,Gste2-119V,9489806,696,15118,An.stephensi
barcode76,CM023249,42817337,545,42817882,9180.561468,Vgsc-L995S,86.60550459,Vgsc-L995S,5003406,472,12066,An.stephensi
barcode76,CM023249,42830276,727,42831003,505.2943604,Vgsc-N1570Y,96.9738652,Vgsc-N1570Y,367349,705,601,An.stephensi
barcode76,CM023249,42809908,752,42810660,365.0585106,Vgsc-V402,92.0212766,Vgsc-V402,274524,692,406,An.stephensi
barcode78,CM023248,60913370,962,60914332,16810.73285,Ace1-280S,97.92099792,Ace1-280S,16171925,942,21228,An.stephensi
barcode78,CM023249,8352786,791,8353577,88.18963338,Gaba-296G,73.95701643,Gaba-296G,69758,585,114,An.stephensi
barcode78,CM023249,70580365,699,70581064,20222.16023,Gste2-119V,99.71387697,Gste2-119V,14135290,697,22159,An.stephensi
barcode78,CM023249,42817337,545,42817882,17270.17798,Vgsc-L995S,87.52293578,Vgsc-L995S,9412247,477,22572,An.stephensi
barcode78,CM023249,42830276,727,42831003,2886.448418,Vgsc-N1570Y,98.62448418,Vgsc-N1570Y,2098448,717,3495,An.stephensi
barcode78,CM023249,42809908,752,42810660,8329.62367,Vgsc-V402,96.40957447,Vgsc-V402,6263877,725,9311,An.stephensi
barcode79,CM023248,60913370,962,60914332,13886.38462,Ace1-280S,96.04989605,Ace1-280S,13358702,924,15334,An.stephensi
barcode79,CM023249,8352786,791,8353577,4909.145386,Gaba-296G,96.71302149,Gaba-296G,3883134,765,6322,An.stephensi
barcode79,CM023249,70580365,699,70581064,17242.47639,Gste2-119V,99.71387697,Gste2-119V,12052491,697,19100,An.stephensi
barcode79,CM023249,42817337,545,42817882,12982.8,Vgsc-L995S,86.60550459,Vgsc-L995S,7075626,472,17072,An.stephensi
barcode79,CM023249,42830276,727,42831003,1101.581843,Vgsc-N1570Y,97.52407153,Vgsc-N1570Y,800850,709,1327,An.stephensi
barcode79,CM023249,42809908,752,42810660,4443.647606,Vgsc-V402,96.40957447,Vgsc-V402,3341623,725,4940,An.stephensi
barcode80,CM023248,60913370,962,60914332,7104.387734,Ace1-280S,96.04989605,Ace1-280S,6834421,924,7876,An.stephensi
barcode80,CM023249,8352786,791,8353577,16357.96081,Gaba-296G,98.35651075,Gaba-296G,12939147,778,21374,An.stephensi
barcode80,CM023249,70580365,699,70581064,28713.22461,Gste2-119V,99.71387697,Gste2-119V,20070544,697,30865,An.stephensi
barcode80,CM023249,42817337,545,42817882,49928.14128,Vgsc-L995S,90.09174312,Vgsc-L995S,27210837,491,64447,An.stephensi
barcode80,CM023249,42830276,727,42831003,4246.005502,Vgsc-N1570Y,98.76203576,Vgsc-N1570Y,3086846,718,4967,An.stephensi
barcode80,CM023249,42809908,752,42810660,6487.494681,Vgsc-V402,96.40957447,Vgsc-V402,4878596,725,7225,An.stephensi
barcode81,CM023248,60913370,962,60914332,193.6340956,Ace1-280S,92.51559252,Ace1-280S,186276,890,216,An.stephensi
barcode81,CM023249,8352786,791,8353577,24.06447535,Gaba-296G,0,Gaba-296G,19035,0,31,An.stephensi
barcode81,CM023249,70580365,699,70581064,185.3876967,Gste2-119V,97.13876967,Gste2-119V,129586,679,201,An.stephensi
barcode81,CM023249,42817337,545,42817882,266.2477064,Vgsc-L995S,77.6146789,Vgsc-L995S,145105,423,351,An.stephensi
barcode81,CM023249,42830276,727,42831003,27.07015131,Vgsc-N1570Y,0,Vgsc-N1570Y,19680,0,35,An.stephensi
barcode81,CM023249,42809908,752,42810660,91.15159574,Vgsc-V402,53.85638298,Vgsc-V402,68546,405,101,An.stephensi
unclassified,CM023248,60913370,962,60914332,45083.44179,Ace1-280S,97.92099792,Ace1-280S,43370271,942,50552,An.stephensi
unclassified,CM023249,8352786,791,8353577,7277.713021,Gaba-296G,97.97724399,Gaba-296G,5756671,775,9597,An.stephensi
unclassified,CM023249,70580365,699,70581064,32461.65665,Gste2-119V,100,Gste2-119V,22690698,699,36109,An.stephensi
unclassified,CM023249,42817337,545,42817882,44361.75413,Vgsc-L995S,89.72477064,Vgsc-L995S,24177156,489,59203,An.stephensi
unclassified,CM023249,42830276,727,42831003,2665.013755,Vgsc-N1570Y,98.76203576,Vgsc-N1570Y,1937465,718,3457,An.stephensi
unclassified,CM023249,42809908,752,42810660,10702.73936,Vgsc-V402,96.40957447,Vgsc-V402,8048460,725,12141,An.stephensi
barcode01,AgamP4_2R,3491270,1062,3492332,62626.84275,Ace1-280S,100,Ace1-280S,66509707,1062,66632,An.gambiae
barcode01,AgamP4_2L,25428663,1104,25429767,50711.04257,Gaba-296G,100,Gaba-296G,55984991,1104,54390,An.gambiae
barcode01,AgamP4_3R,28597892,842,28598734,62589.10689,Gste2-119V,100,Gste2-119V,52700028,842,65479,An.gambiae
barcode01,AgamP4_2L,2422485,978,2423463,63347.24642,Vgsc-L995S,100,Vgsc-L995S,61953607,978,65105,An.gambiae
barcode01,AgamP4_2L,2428804,1074,2429878,37069.05587,Vgsc-N1570Y,100,Vgsc-N1570Y,39812166,1074,39100,An.gambiae
barcode01,AgamP4_2L,2390443,1141,2391584,12087.11306,Vgsc-V402,100,Vgsc-V402,13791396,1141,13101,An.gambiae
barcode02,AgamP4_2R,3491270,1062,3492332,62179.15725,Ace1-280S,100,Ace1-280S,66034265,1062,65180,An.gambiae
barcode02,AgamP4_2L,25428663,1104,25429767,877.3025362,Gaba-296G,99.54710145,Gaba-296G,968542,1099,1022,An.gambiae
barcode02,AgamP4_3R,28597892,842,28598734,44601.14371,Gste2-119V,100,Gste2-119V,37554163,842,46606,An.gambiae
barcode02,AgamP4_2L,2422485,978,2423463,63148.52965,Vgsc-L995S,100,Vgsc-L995S,61759262,978,64724,An.gambiae
barcode02,AgamP4_2L,2428804,1074,2429878,18694.15456,Vgsc-N1570Y,100,Vgsc-N1570Y,20077522,1074,19653,An.gambiae
barcode02,AgamP4_2L,2390443,1141,2391584,2263.198072,Vgsc-V402,100,Vgsc-V402,2582309,1141,2490,An.gambiae
barcode03,AgamP4_2R,3491270,1062,3492332,5429.410546,Ace1-280S,100,Ace1-280S,5766034,1062,5832,An.gambiae
barcode03,AgamP4_2L,25428663,1104,25429767,3032.875,Gaba-296G,99.81884058,Gaba-296G,3348294,1102,3220,An.gambiae
barcode03,AgamP4_3R,28597892,842,28598734,3779.209026,Gste2-119V,100,Gste2-119V,3182094,842,3968,An.gambiae
barcode03,AgamP4_2L,2422485,978,2423463,2539.021472,Vgsc-L995S,100,Vgsc-L995S,2483163,978,3156,An.gambiae
barcode03,AgamP4_2L,2428804,1074,2429878,1817.520484,Vgsc-N1570Y,100,Vgsc-N1570Y,1952017,1074,1898,An.gambiae
barcode03,AgamP4_2L,2390443,1141,2391584,613.8483786,Vgsc-V402,100,Vgsc-V402,700401,1141,661,An.gambiae
barcode04,AgamP4_2R,3491270,1062,3492332,17912.19021,Ace1-280S,100,Ace1-280S,19022746,1062,19247,An.gambiae
barcode04,AgamP4_2L,25428663,1104,25429767,630.0452899,Gaba-296G,100,Gaba-296G,695570,1104,703,An.gambiae
barcode04,AgamP4_3R,28597892,842,28598734,20794.99287,Gste2-119V,100,Gste2-119V,17509384,842,21618,An.gambiae
barcode04,AgamP4_2L,2422485,978,2423463,23621.93865,Vgsc-L995S,100,Vgsc-L995S,23102256,978,24891,An.gambiae
barcode04,AgamP4_2L,2428804,1074,2429878,7513.605214,Vgsc-N1570Y,100,Vgsc-N1570Y,8069612,1074,7867,An.gambiae
barcode04,AgamP4_2L,2390443,1141,2391584,2268.668712,Vgsc-V402,100,Vgsc-V402,2588551,1141,2462,An.gambiae
barcode05,AgamP4_2R,3491270,1062,3492332,26653.91996,Ace1-280S,100,Ace1-280S,28306463,1062,28403,An.gambiae
barcode05,AgamP4_2L,25428663,1104,25429767,409.5199275,Gaba-296G,99.27536232,Gaba-296G,452110,1096,470,An.gambiae
barcode05,AgamP4_3R,28597892,842,28598734,21930.7114,Gste2-119V,100,Gste2-119V,18465659,842,23008,An.gambiae
barcode05,AgamP4_2L,2422485,978,2423463,7213.368098,Vgsc-L995S,100,Vgsc-L995S,7054674,978,8515,An.gambiae
barcode05,AgamP4_2L,2428804,1074,2429878,8070.22905,Vgsc-N1570Y,100,Vgsc-N1570Y,8667426,1074,8488,An.gambiae
barcode05,AgamP4_2L,2390443,1141,2391584,2438.068361,Vgsc-V402,100,Vgsc-V402,2781836,1141,2673,An.gambiae
barcode06,AgamP4_2R,3491270,1062,3492332,25337.4548,Ace1-280S,100,Ace1-280S,26908377,1062,26931,An.gambiae
barcode06,AgamP4_2L,25428663,1104,25429767,894.9184783,Gaba-296G,100,Gaba-296G,987990,1104,969,An.gambiae
barcode06,AgamP4_3R,28597892,842,28598734,27871.92518,Gste2-119V,100,Gste2-119V,23468161,842,29054,An.gambiae
barcode06,AgamP4_2L,2422485,978,2423463,38285.16258,Vgsc-L995S,100,Vgsc-L995S,37442889,978,40265,An.gambiae
barcode06,AgamP4_2L,2428804,1074,2429878,11000.75326,Vgsc-N1570Y,100,Vgsc-N1570Y,11814809,1074,11484,An.gambiae
barcode06,AgamP4_2L,2390443,1141,2391584,2710.138475,Vgsc-V402,100,Vgsc-V402,3092268,1141,2901,An.gambiae
barcode07,AgamP4_2R,3491270,1062,3492332,14845.99718,Ace1-280S,100,Ace1-280S,15766449,1062,15663,An.gambiae
barcode07,AgamP4_2L,25428663,1104,25429767,252.2934783,Gaba-296G,98.46014493,Gaba-296G,278532,1087,295,An.gambiae
barcode07,AgamP4_3R,28597892,842,28598734,10376.25772,Gste2-119V,100,Gste2-119V,8736809,842,10893,An.gambiae
barcode07,AgamP4_2L,2422485,978,2423463,20816.09509,Vgsc-L995S,100,Vgsc-L995S,20358141,978,21633,An.gambiae
barcode07,AgamP4_2L,2428804,1074,2429878,4471.424581,Vgsc-N1570Y,100,Vgsc-N1570Y,4802310,1074,4718,An.gambiae
barcode07,AgamP4_2L,2390443,1141,2391584,679.1419807,Vgsc-V402,100,Vgsc-V402,774901,1141,754,An.gambiae
barcode08,AgamP4_2R,3491270,1062,3492332,1757.903013,Ace1-280S,100,Ace1-280S,1866893,1062,1937,An.gambiae
barcode08,AgamP4_2L,25428663,1104,25429767,851.8115942,Gaba-296G,99.45652174,Gaba-296G,940400,1098,933,An.gambiae
barcode08,AgamP4_3R,28597892,842,28598734,1594.881235,Gste2-119V,100,Gste2-119V,1342890,842,1722,An.gambiae
barcode08,AgamP4_2L,2422485,978,2423463,531.5480573,Vgsc-L995S,99.89775051,Vgsc-L995S,519854,977,734,An.gambiae
barcode08,AgamP4_2L,2428804,1074,2429878,717.4040968,Vgsc-N1570Y,99.90689013,Vgsc-N1570Y,770492,1073,781,An.gambiae
barcode08,AgamP4_2L,2390443,1141,2391584,241.5407537,Vgsc-V402,99.73707274,Vgsc-V402,275598,1138,292,An.gambiae
barcode09,AgamP4_2R,3491270,1062,3492332,15733.80226,Ace1-280S,100,Ace1-280S,16709298,1062,16405,An.gambiae
barcode09,AgamP4_2L,25428663,1104,25429767,318.1576087,Gaba-296G,99.00362319,Gaba-296G,351246,1093,348,An.gambiae
barcode09,AgamP4_3R,28597892,842,28598734,21045.19002,Gste2-119V,100,Gste2-119V,17720050,842,21841,An.gambiae
barcode09,AgamP4_2L,2422485,978,2423463,26432.69939,Vgsc-L995S,100,Vgsc-L995S,25851180,978,27794,An.gambiae
barcode09,AgamP4_2L,2428804,1074,2429878,6130.022346,Vgsc-N1570Y,100,Vgsc-N1570Y,6583644,1074,6376,An.gambiae
barcode09,AgamP4_2L,2390443,1141,2391584,1643.224365,Vgsc-V402,100,Vgsc-V402,1874919,1141,1744,An.gambiae
barcode10,AgamP4_2R,3491270,1062,3492332,19664.97081,Ace1-280S,100,Ace1-280S,20884199,1062,20847,An.gambiae
barcode10,AgamP4_2L,25428663,1104,25429767,3935.535326,Gaba-296G,100,Gaba-296G,4344831,1104,4225,An.gambiae
barcode10,AgamP4_3R,28597892,842,28598734,16729.73634,Gste2-119V,100,Gste2-119V,14086438,842,17611,An.gambiae
barcode10,AgamP4_2L,2422485,978,2423463,2398.127812,Vgsc-L995S,100,Vgsc-L995S,2345369,978,4347,An.gambiae
barcode10,AgamP4_2L,2428804,1074,2429878,6194.191806,Vgsc-N1570Y,100,Vgsc-N1570Y,6652562,1074,6461,An.gambiae
barcode10,AgamP4_2L,2390443,1141,2391584,2805.2156,Vgsc-V402,100,Vgsc-V402,3200751,1141,3030,An.gambiae
barcode11,AgamP4_2R,3491270,1062,3492332,45389.13559,Ace1-280S,100,Ace1-280S,48203262,1062,47536,An.gambiae
barcode11,AgamP4_2L,25428663,1104,25429767,10073.20833,Gaba-296G,100,Gaba-296G,11120822,1104,10701,An.gambiae
barcode11,AgamP4_3R,28597892,842,28598734,25754.57601,Gste2-119V,100,Gste2-119V,21685353,842,26905,An.gambiae
barcode11,AgamP4_2L,2422485,978,2423463,2004.282209,Vgsc-L995S,100,Vgsc-L995S,1960188,978,2399,An.gambiae
barcode11,AgamP4_2L,2428804,1074,2429878,11270.65177,Vgsc-N1570Y,100,Vgsc-N1570Y,12104680,1074,11732,An.gambiae
barcode11,AgamP4_2L,2390443,1141,2391584,3677.883436,Vgsc-V402,100,Vgsc-V402,4196465,1141,3933,An.gambiae
barcode12,AgamP4_2R,3491270,1062,3492332,51444.13277,Ace1-280S,100,Ace1-280S,54633669,1062,53782,An.gambiae
barcode12,AgamP4_2L,25428663,1104,25429767,13244.49185,Gaba-296G,100,Gaba-296G,14621919,1104,14045,An.gambiae
barcode12,AgamP4_3R,28597892,842,28598734,32414.23515,Gste2-119V,100,Gste2-119V,27292786,842,33858,An.gambiae
barcode12,AgamP4_2L,2422485,978,2423463,63090.38139,Vgsc-L995S,100,Vgsc-L995S,61702393,978,64627,An.gambiae
barcode12,AgamP4_2L,2428804,1074,2429878,11236.06518,Vgsc-N1570Y,100,Vgsc-N1570Y,12067534,1074,11753,An.gambiae
barcode12,AgamP4_2L,2390443,1141,2391584,3433.860649,Vgsc-V402,100,Vgsc-V402,3918035,1141,3667,An.gambiae
barcode13,AgamP4_2R,3491270,1062,3492332,23972.56497,Ace1-280S,100,Ace1-280S,25458864,1062,25228,An.gambiae
barcode13,AgamP4_2L,25428663,1104,25429767,12122.12953,Gaba-296G,100,Gaba-296G,13382831,1104,13001,An.gambiae
barcode13,AgamP4_3R,28597892,842,28598734,19820.49406,Gste2-119V,100,Gste2-119V,16688856,842,20719,An.gambiae
barcode13,AgamP4_2L,2422485,978,2423463,2644.885481,Vgsc-L995S,100,Vgsc-L995S,2586698,978,4572,An.gambiae
barcode13,AgamP4_2L,2428804,1074,2429878,7611.628492,Vgsc-N1570Y,100,Vgsc-N1570Y,8174889,1074,7948,An.gambiae
barcode13,AgamP4_2L,2390443,1141,2391584,3197.088519,Vgsc-V402,100,Vgsc-V402,3647878,1141,3412,An.gambiae
barcode14,AgamP4_2R,3491270,1062,3492332,16964.43879,Ace1-280S,100,Ace1-280S,18016234,1062,18238,An.gambiae
barcode14,AgamP4_2L,25428663,1104,25429767,642.6005435,Gaba-296G,99.36594203,Gaba-296G,709431,1097,696,An.gambiae
barcode14,AgamP4_3R,28597892,842,28598734,20568.47506,Gste2-119V,100,Gste2-119V,17318656,842,21579,An.gambiae
barcode14,AgamP4_2L,2422485,978,2423463,25952.48466,Vgsc-L995S,100,Vgsc-L995S,25381530,978,27422,An.gambiae
barcode14,AgamP4_2L,2428804,1074,2429878,6353.667598,Vgsc-N1570Y,100,Vgsc-N1570Y,6823839,1074,6639,An.gambiae
barcode14,AgamP4_2L,2390443,1141,2391584,2523.899211,Vgsc-V402,100,Vgsc-V402,2879769,1141,2690,An.gambiae
barcode15,AgamP4_2R,3491270,1062,3492332,29058.7081,Ace1-280S,100,Ace1-280S,30860348,1062,30663,An.gambiae
barcode15,AgamP4_2L,25428663,1104,25429767,9055.344203,Gaba-296G,100,Gaba-296G,9997100,1104,9695,An.gambiae
barcode15,AgamP4_3R,28597892,842,28598734,18219.47387,Gste2-119V,100,Gste2-119V,15340797,842,19063,An.gambiae
barcode15,AgamP4_2L,2422485,978,2423463,26401.48978,Vgsc-L995S,100,Vgsc-L995S,25820657,978,27796,An.gambiae
barcode15,AgamP4_2L,2428804,1074,2429878,6856.265363,Vgsc-N1570Y,100,Vgsc-N1570Y,7363629,1074,7178,An.gambiae
barcode15,AgamP4_2L,2390443,1141,2391584,2157.146363,Vgsc-V402,100,Vgsc-V402,2461304,1141,2316,An.gambiae
barcode16,AgamP4_2R,3491270,1062,3492332,10688.33616,Ace1-280S,100,Ace1-280S,11351013,1062,11242,An.gambiae
barcode16,AgamP4_2L,25428663,1104,25429767,128.5923913,Gaba-296G,94.56521739,Gaba-296G,141966,1044,150,An.gambiae
barcode16,AgamP4_3R,28597892,842,28598734,7759.76247,Gste2-119V,100,Gste2-119V,6533720,842,8076,An.gambiae
barcode16,AgamP4_2L,2422485,978,2423463,12451.49796,Vgsc-L995S,100,Vgsc-L995S,12177565,978,13045,An.gambiae
barcode16,AgamP4_2L,2428804,1074,2429878,2936.364991,Vgsc-N1570Y,100,Vgsc-N1570Y,3153656,1074,3072,An.gambiae
barcode16,AgamP4_2L,2390443,1141,2391584,1142.860649,Vgsc-V402,100,Vgsc-V402,1304004,1141,1210,An.gambiae
barcode17,AgamP4_2R,3491270,1062,3492332,41464.35687,Ace1-280S,100,Ace1-280S,44035147,1062,43385,An.gambiae
barcode17,AgamP4_2L,25428663,1104,25429767,3183.925725,Gaba-296G,100,Gaba-296G,3515054,1104,3491,An.gambiae
barcode17,AgamP4_3R,28597892,842,28598734,22454.21615,Gste2-119V,100,Gste2-119V,18906450,842,23480,An.gambiae
barcode17,AgamP4_2L,2422485,978,2423463,35295.47546,Vgsc-L995S,100,Vgsc-L995S,34518975,978,36923,An.gambiae
barcode17,AgamP4_2L,2428804,1074,2429878,9271.307263,Vgsc-N1570Y,100,Vgsc-N1570Y,9957384,1074,9772,An.gambiae
barcode17,AgamP4_2L,2390443,1141,2391584,2448.118317,Vgsc-V402,100,Vgsc-V402,2793303,1141,2649,An.gambiae
barcode18,AgamP4_2R,3491270,1062,3492332,3622.549906,Ace1-280S,100,Ace1-280S,3847148,1062,3871,An.gambiae
barcode18,AgamP4_2L,25428663,1104,25429767,1629.610507,Gaba-296G,99.81884058,Gaba-296G,1799090,1102,1745,An.gambiae
barcode18,AgamP4_3R,28597892,842,28598734,4787.826603,Gste2-119V,100,Gste2-119V,4031350,842,5065,An.gambiae
barcode18,AgamP4_2L,2422485,978,2423463,6706.45501,Vgsc-L995S,100,Vgsc-L995S,6558913,978,7072,An.gambiae
barcode18,AgamP4_2L,2428804,1074,2429878,1319.814711,Vgsc-N1570Y,100,Vgsc-N1570Y,1417481,1074,1387,An.gambiae
barcode18,AgamP4_2L,2390443,1141,2391584,551.0026293,Vgsc-V402,100,Vgsc-V402,628694,1141,587,An.gambiae
barcode19,AgamP4_2R,3491270,1062,3492332,31188.12147,Ace1-280S,100,Ace1-280S,33121785,1062,32674,An.gambiae
barcode19,AgamP4_2L,25428663,1104,25429767,216.7907609,Gaba-296G,98.09782609,Gaba-296G,239337,1083,241,An.gambiae
barcode19,AgamP4_3R,28597892,842,28598734,19595.68646,Gste2-119V,100,Gste2-119V,16499568,842,20356,An.gambiae
barcode19,AgamP4_2L,2422485,978,2423463,29109.24029,Vgsc-L995S,100,Vgsc-L995S,28468837,978,30421,An.gambiae
barcode19,AgamP4_2L,2428804,1074,2429878,8292.922719,Vgsc-N1570Y,100,Vgsc-N1570Y,8906599,1074,8645,An.gambiae
barcode19,AgamP4_2L,2390443,1141,2391584,2134.340929,Vgsc-V402,100,Vgsc-V402,2435283,1141,2295,An.gambiae
barcode20,AgamP4_2R,3491270,1062,3492332,9204.763653,Ace1-280S,100,Ace1-280S,9775459,1062,9565,An.gambiae
barcode20,AgamP4_2L,25428663,1104,25429767,6345.32337,Gaba-296G,99.90942029,Gaba-296G,7005237,1103,6665,An.gambiae
barcode20,AgamP4_3R,28597892,842,28598734,15394.70784,Gste2-119V,100,Gste2-119V,12962344,842,16008,An.gambiae
barcode20,AgamP4_2L,2422485,978,2423463,17288.74233,Vgsc-L995S,100,Vgsc-L995S,16908390,978,17762,An.gambiae
barcode20,AgamP4_2L,2428804,1074,2429878,3110.459963,Vgsc-N1570Y,100,Vgsc-N1570Y,3340634,1074,3209,An.gambiae
barcode20,AgamP4_2L,2390443,1141,2391584,1297.638037,Vgsc-V402,100,Vgsc-V402,1480605,1141,1358,An.gambiae
barcode21,AgamP4_2R,3491270,1062,3492332,7316.043315,Ace1-280S,100,Ace1-280S,7769638,1062,7676,An.gambiae
barcode21,AgamP4_2L,25428663,1104,25429767,241.0987319,Gaba-296G,98.09782609,Gaba-296G,266173,1083,265,An.gambiae
barcode21,AgamP4_3R,28597892,842,28598734,9526.119952,Gste2-119V,100,Gste2-119V,8020993,842,9933,An.gambiae
barcode21,AgamP4_2L,2422485,978,2423463,14455.25767,Vgsc-L995S,100,Vgsc-L995S,14137242,978,14898,An.gambiae
barcode21,AgamP4_2L,2428804,1074,2429878,2564.48324,Vgsc-N1570Y,100,Vgsc-N1570Y,2754255,1074,2670,An.gambiae
barcode21,AgamP4_2L,2390443,1141,2391584,587.4995618,Vgsc-V402,100,Vgsc-V402,670337,1141,641,An.gambiae
barcode22,AgamP4_2R,3491270,1062,3492332,38341.55744,Ace1-280S,100,Ace1-280S,40718734,1062,40260,An.gambiae
barcode22,AgamP4_2L,25428663,1104,25429767,197.7980072,Gaba-296G,97.19202899,Gaba-296G,218369,1073,224,An.gambiae
barcode22,AgamP4_3R,28597892,842,28598734,17552.55344,Gste2-119V,100,Gste2-119V,14779250,842,18351,An.gambiae
barcode22,AgamP4_2L,2422485,978,2423463,32066.89673,Vgsc-L995S,100,Vgsc-L995S,31361425,978,33274,An.gambiae
barcode22,AgamP4_2L,2428804,1074,2429878,8826.543762,Vgsc-N1570Y,100,Vgsc-N1570Y,9479708,1074,9252,An.gambiae
barcode22,AgamP4_2L,2390443,1141,2391584,2236.864154,Vgsc-V402,100,Vgsc-V402,2552262,1141,2422,An.gambiae
barcode23,AgamP4_2R,3491270,1062,3492332,15235.21846,Ace1-280S,100,Ace1-280S,16179802,1062,16050,An.gambiae
barcode23,AgamP4_2L,25428663,1104,25429767,5049.126812,Gaba-296G,100,Gaba-296G,5574236,1104,5357,An.gambiae
barcode23,AgamP4_3R,28597892,842,28598734,9576.628266,Gste2-119V,100,Gste2-119V,8063521,842,10024,An.gambiae
barcode23,AgamP4_2L,2422485,978,2423463,15236.93456,Vgsc-L995S,100,Vgsc-L995S,14901722,978,16149,An.gambiae
barcode23,AgamP4_2L,2428804,1074,2429878,4010.344507,Vgsc-N1570Y,100,Vgsc-N1570Y,4307110,1074,4193,An.gambiae
barcode23,AgamP4_2L,2390443,1141,2391584,1129.481157,Vgsc-V402,100,Vgsc-V402,1288738,1141,1215,An.gambiae
barcode25,AgamP4_2R,3491270,1062,3492332,23359.43974,Ace1-280S,100,Ace1-280S,24807725,1062,24836,An.gambiae
barcode25,AgamP4_2L,25428663,1104,25429767,354.2527174,Gaba-296G,98.73188406,Gaba-296G,391095,1090,410,An.gambiae
barcode25,AgamP4_3R,28597892,842,28598734,14715.32423,Gste2-119V,100,Gste2-119V,12390303,842,15367,An.gambiae
barcode25,AgamP4_2L,2422485,978,2423463,3016.08589,Vgsc-L995S,100,Vgsc-L995S,2949732,978,5514,An.gambiae
barcode25,AgamP4_2L,2428804,1074,2429878,6527.836127,Vgsc-N1570Y,100,Vgsc-N1570Y,7010896,1074,6835,An.gambiae
barcode25,AgamP4_2L,2390443,1141,2391584,2476.505697,Vgsc-V402,100,Vgsc-V402,2825693,1141,2676,An.gambiae
barcode26,AgamP4_2R,3491270,1062,3492332,37742.90772,Ace1-280S,100,Ace1-280S,40082968,1062,39822,An.gambiae
barcode26,AgamP4_2L,25428663,1104,25429767,286.5507246,Gaba-296G,98.55072464,Gaba-296G,316352,1088,318,An.gambiae
barcode26,AgamP4_3R,28597892,842,28598734,25585.44893,Gste2-119V,100,Gste2-119V,21542948,842,26757,An.gambiae
barcode26,AgamP4_2L,2422485,978,2423463,2108.55726,Vgsc-L995S,100,Vgsc-L995S,2062169,978,2783,An.gambiae
barcode26,AgamP4_2L,2428804,1074,2429878,10621.25047,Vgsc-N1570Y,100,Vgsc-N1570Y,11407223,1074,11146,An.gambiae
barcode26,AgamP4_2L,2390443,1141,2391584,3822.106924,Vgsc-V402,100,Vgsc-V402,4361024,1141,4136,An.gambiae
barcode27,AgamP4_2R,3491270,1062,3492332,61784.95009,Ace1-280S,100,Ace1-280S,65615617,1062,65166,An.gambiae
barcode27,AgamP4_2L,25428663,1104,25429767,10559.38859,Gaba-296G,100,Gaba-296G,11657565,1104,12398,An.gambiae
barcode27,AgamP4_3R,28597892,842,28598734,36470.75178,Gste2-119V,100,Gste2-119V,30708373,842,38389,An.gambiae
barcode27,AgamP4_2L,2422485,978,2423463,63062.13395,Vgsc-L995S,100,Vgsc-L995S,61674767,978,64802,An.gambiae
barcode27,AgamP4_2L,2428804,1074,2429878,19653.2933,Vgsc-N1570Y,100,Vgsc-N1570Y,21107637,1074,21043,An.gambiae
barcode27,AgamP4_2L,2390443,1141,2391584,1677.845749,Vgsc-V402,100,Vgsc-V402,1914422,1141,1981,An.gambiae
barcode28,AgamP4_2R,3491270,1062,3492332,61787.82109,Ace1-280S,100,Ace1-280S,65618666,1062,64534,An.gambiae
barcode28,AgamP4_2L,25428663,1104,25429767,3939.777174,Gaba-296G,100,Gaba-296G,4349514,1104,4602,An.gambiae
barcode28,AgamP4_3R,28597892,842,28598734,31227.62945,Gste2-119V,100,Gste2-119V,26293664,842,32287,An.gambiae
barcode28,AgamP4_2L,2422485,978,2423463,56100.56135,Vgsc-L995S,100,Vgsc-L995S,54866349,978,58799,An.gambiae
barcode28,AgamP4_2L,2428804,1074,2429878,14084.03911,Vgsc-N1570Y,100,Vgsc-N1570Y,15126258,1074,14907,An.gambiae
barcode28,AgamP4_2L,2390443,1141,2391584,3191.552147,Vgsc-V402,100,Vgsc-V402,3641561,1141,3550,An.gambiae
barcode29,AgamP4_2R,3491270,1062,3492332,30177.96045,Ace1-280S,100,Ace1-280S,32048994,1062,32185,An.gambiae
barcode29,AgamP4_2L,25428663,1104,25429767,1891.343297,Gaba-296G,99.63768116,Gaba-296G,2088043,1100,2264,An.gambiae
barcode29,AgamP4_3R,28597892,842,28598734,17638.77078,Gste2-119V,100,Gste2-119V,14851845,842,18405,An.gambiae
barcode29,AgamP4_2L,2422485,978,2423463,29274.66871,Vgsc-L995S,100,Vgsc-L995S,28630626,978,31499,An.gambiae
barcode29,AgamP4_2L,2428804,1074,2429878,7187.33054,Vgsc-N1570Y,100,Vgsc-N1570Y,7719193,1074,7605,An.gambiae
barcode29,AgamP4_2L,2390443,1141,2391584,1846.817704,Vgsc-V402,100,Vgsc-V402,2107219,1141,2050,An.gambiae
barcode30,AgamP4_2R,3491270,1062,3492332,14882.34652,Ace1-280S,100,Ace1-280S,15805052,1062,15844,An.gambiae
barcode30,AgamP4_2L,25428663,1104,25429767,3093.272645,Gaba-296G,99.90942029,Gaba-296G,3414973,1103,3351,An.gambiae
barcode30,AgamP4_3R,28597892,842,28598734,13377.28979,Gste2-119V,100,Gste2-119V,11263678,842,13980,An.gambiae
barcode30,AgamP4_2L,2422485,978,2423463,24782.58078,Vgsc-L995S,100,Vgsc-L995S,24237364,978,25680,An.gambiae
barcode30,AgamP4_2L,2428804,1074,2429878,4822.175978,Vgsc-N1570Y,100,Vgsc-N1570Y,5179017,1074,5077,An.gambiae
barcode30,AgamP4_2L,2390443,1141,2391584,973.2304996,Vgsc-V402,100,Vgsc-V402,1110456,1141,1041,An.gambiae
barcode31,AgamP4_2R,3491270,1062,3492332,4278.856874,Ace1-280S,100,Ace1-280S,4544146,1062,4682,An.gambiae
barcode31,AgamP4_2L,25428663,1104,25429767,1921.508152,Gaba-296G,99.45652174,Gaba-296G,2121345,1098,2089,An.gambiae
barcode31,AgamP4_3R,28597892,842,28598734,5014.754157,Gste2-119V,100,Gste2-119V,4222423,842,5228,An.gambiae
barcode31,AgamP4_2L,2422485,978,2423463,709.892638,Vgsc-L995S,99.89775051,Vgsc-L995S,694275,977,1085,An.gambiae
barcode31,AgamP4_2L,2428804,1074,2429878,1488.900372,Vgsc-N1570Y,99.90689013,Vgsc-N1570Y,1599079,1073,1573,An.gambiae
barcode31,AgamP4_2L,2390443,1141,2391584,839.2208589,Vgsc-V402,100,Vgsc-V402,957551,1141,906,An.gambiae
barcode32,AgamP4_2R,3491270,1062,3492332,62223.62053,Ace1-280S,100,Ace1-280S,66081485,1062,65540,An.gambiae
barcode32,AgamP4_2L,25428663,1104,25429767,8344.678442,Gaba-296G,100,Gaba-296G,9212525,1104,8956,An.gambiae
barcode32,AgamP4_3R,28597892,842,28598734,47413.23397,Gste2-119V,100,Gste2-119V,39921943,842,49487,An.gambiae
barcode32,AgamP4_2L,2422485,978,2423463,63071.52045,Vgsc-L995S,100,Vgsc-L995S,61683947,978,64640,An.gambiae
barcode32,AgamP4_2L,2428804,1074,2429878,16512.85568,Vgsc-N1570Y,100,Vgsc-N1570Y,17734807,1074,17255,An.gambiae
barcode32,AgamP4_2L,2390443,1141,2391584,4216.932515,Vgsc-V402,100,Vgsc-V402,4811520,1141,4548,An.gambiae
barcode33,AgamP4_2R,3491270,1062,3492332,8593.552731,Ace1-280S,100,Ace1-280S,9126353,1062,9173,An.gambiae
barcode33,AgamP4_2L,25428663,1104,25429767,592.5036232,Gaba-296G,100,Gaba-296G,654124,1104,652,An.gambiae
barcode33,AgamP4_3R,28597892,842,28598734,5786.130641,Gste2-119V,100,Gste2-119V,4871922,842,6074,An.gambiae
barcode33,AgamP4_2L,2422485,978,2423463,9500.762781,Vgsc-L995S,100,Vgsc-L995S,9291746,978,10081,An.gambiae
barcode33,AgamP4_2L,2428804,1074,2429878,2437.808194,Vgsc-N1570Y,100,Vgsc-N1570Y,2618206,1074,2536,An.gambiae
barcode33,AgamP4_2L,2390443,1141,2391584,812.4206836,Vgsc-V402,100,Vgsc-V402,926972,1141,877,An.gambiae
barcode34,AgamP4_2R,3491270,1062,3492332,2075.739171,Ace1-280S,100,Ace1-280S,2204435,1062,2227,An.gambiae
barcode34,AgamP4_2L,25428663,1104,25429767,1023.476449,Gaba-296G,98.82246377,Gaba-296G,1129918,1091,1088,An.gambiae
barcode34,AgamP4_3R,28597892,842,28598734,1691.051069,Gste2-119V,100,Gste2-119V,1423865,842,1806,An.gambiae
barcode34,AgamP4_2L,2422485,978,2423463,2783.958078,Vgsc-L995S,100,Vgsc-L995S,2722711,978,3017,An.gambiae
barcode34,AgamP4_2L,2428804,1074,2429878,715.5055866,Vgsc-N1570Y,99.90689013,Vgsc-N1570Y,768453,1073,747,An.gambiae
barcode34,AgamP4_2L,2390443,1141,2391584,288.9868536,Vgsc-V402,99.29886065,Vgsc-V402,329734,1133,313,An.gambiae
barcode35,AgamP4_2R,3491270,1062,3492332,41041.95104,Ace1-280S,100,Ace1-280S,43586552,1062,43165,An.gambiae
barcode35,AgamP4_2L,25428663,1104,25429767,3292.430254,Gaba-296G,99.90942029,Gaba-296G,3634843,1103,3670,An.gambiae
barcode35,AgamP4_3R,28597892,842,28598734,20125.22922,Gste2-119V,100,Gste2-119V,16945443,842,21099,An.gambiae
barcode35,AgamP4_2L,2422485,978,2423463,36983.62781,Vgsc-L995S,100,Vgsc-L995S,36169988,978,39571,An.gambiae
barcode35,AgamP4_2L,2428804,1074,2429878,9978.062384,Vgsc-N1570Y,100,Vgsc-N1570Y,10716439,1074,10494,An.gambiae
barcode35,AgamP4_2L,2390443,1141,2391584,2653.437336,Vgsc-V402,100,Vgsc-V402,3027572,1141,2876,An.gambiae
barcode36,AgamP4_2R,3491270,1062,3492332,23497.80508,Ace1-280S,100,Ace1-280S,24954669,1062,24650,An.gambiae
barcode36,AgamP4_2L,25428663,1104,25429767,5953.15942,Gaba-296G,100,Gaba-296G,6572288,1104,6388,An.gambiae
barcode36,AgamP4_3R,28597892,842,28598734,18611.91449,Gste2-119V,100,Gste2-119V,15671232,842,19329,An.gambiae
barcode36,AgamP4_2L,2422485,978,2423463,36678.90389,Vgsc-L995S,100,Vgsc-L995S,35871968,978,38058,An.gambiae
barcode36,AgamP4_2L,2428804,1074,2429878,7355.230912,Vgsc-N1570Y,100,Vgsc-N1570Y,7899518,1074,7739,An.gambiae
barcode36,AgamP4_2L,2390443,1141,2391584,898.7817704,Vgsc-V402,100,Vgsc-V402,1025510,1141,981,An.gambiae
barcode37,AgamP4_2R,3491270,1062,3492332,17297.59322,Ace1-280S,100,Ace1-280S,18370044,1062,18297,An.gambiae
barcode37,AgamP4_2L,25428663,1104,25429767,2458.291667,Gaba-296G,99.72826087,Gaba-296G,2713954,1101,2612,An.gambiae
barcode37,AgamP4_3R,28597892,842,28598734,17743.97862,Gste2-119V,100,Gste2-119V,14940430,842,18404,An.gambiae
barcode37,AgamP4_2L,2422485,978,2423463,26059.32413,Vgsc-L995S,100,Vgsc-L995S,25486019,978,26868,An.gambiae
barcode37,AgamP4_2L,2428804,1074,2429878,7189.283054,Vgsc-N1570Y,100,Vgsc-N1570Y,7721290,1074,7590,An.gambiae
barcode37,AgamP4_2L,2390443,1141,2391584,1982.162138,Vgsc-V402,100,Vgsc-V402,2261647,1141,2094,An.gambiae
barcode38,AgamP4_2R,3491270,1062,3492332,55652.21563,Ace1-280S,100,Ace1-280S,59102653,1062,58190,An.gambiae
barcode38,AgamP4_2L,25428663,1104,25429767,30977.52446,Gaba-296G,100,Gaba-296G,34199187,1104,33329,An.gambiae
barcode38,AgamP4_3R,28597892,842,28598734,38082.69596,Gste2-119V,100,Gste2-119V,32065630,842,40082,An.gambiae
barcode38,AgamP4_2L,2422485,978,2423463,52649.16462,Vgsc-L995S,100,Vgsc-L995S,51490883,978,56120,An.gambiae
barcode38,AgamP4_2L,2428804,1074,2429878,16978.28212,Vgsc-N1570Y,100,Vgsc-N1570Y,18234675,1074,17763,An.gambiae
barcode38,AgamP4_2L,2390443,1141,2391584,4141.040316,Vgsc-V402,100,Vgsc-V402,4724927,1141,4448,An.gambiae
barcode39,AgamP4_2R,3491270,1062,3492332,20100.12524,Ace1-280S,100,Ace1-280S,21346333,1062,21391,An.gambiae
barcode39,AgamP4_2L,25428663,1104,25429767,1727.73279,Gaba-296G,99.63768116,Gaba-296G,1907417,1100,1960,An.gambiae
barcode39,AgamP4_3R,28597892,842,28598734,10207.48931,Gste2-119V,100,Gste2-119V,8594706,842,10834,An.gambiae
barcode39,AgamP4_2L,2422485,978,2423463,22860.19836,Vgsc-L995S,100,Vgsc-L995S,22357274,978,24096,An.gambiae
barcode39,AgamP4_2L,2428804,1074,2429878,4524.068901,Vgsc-N1570Y,100,Vgsc-N1570Y,4858850,1074,4906,An.gambiae
barcode39,AgamP4_2L,2390443,1141,2391584,585.8080631,Vgsc-V402,100,Vgsc-V402,668407,1141,695,An.gambiae
barcode40,AgamP4_2R,3491270,1062,3492332,21069.25989,Ace1-280S,100,Ace1-280S,22375554,1062,22056,An.gambiae
barcode40,AgamP4_2L,25428663,1104,25429767,2176.061594,Gaba-296G,100,Gaba-296G,2402372,1104,2508,An.gambiae
barcode40,AgamP4_3R,28597892,842,28598734,11901.66271,Gste2-119V,100,Gste2-119V,10021200,842,12330,An.gambiae
barcode40,AgamP4_2L,2422485,978,2423463,20594.05419,Vgsc-L995S,100,Vgsc-L995S,20140985,978,21519,An.gambiae
barcode40,AgamP4_2L,2428804,1074,2429878,5628.965549,Vgsc-N1570Y,100,Vgsc-N1570Y,6045509,1074,5929,An.gambiae
barcode40,AgamP4_2L,2390443,1141,2391584,1397.68624,Vgsc-V402,100,Vgsc-V402,1594760,1141,1549,An.gambiae
barcode41,AgamP4_2R,3491270,1062,3492332,18352.06121,Ace1-280S,100,Ace1-280S,19489889,1062,19400,An.gambiae
barcode41,AgamP4_2L,25428663,1104,25429767,453.932971,Gaba-296G,99.27536232,Gaba-296G,501142,1096,525,An.gambiae
barcode41,AgamP4_3R,28597892,842,28598734,12553.95962,Gste2-119V,100,Gste2-119V,10570434,842,13057,An.gambiae
barcode41,AgamP4_2L,2422485,978,2423463,19385.95399,Vgsc-L995S,100,Vgsc-L995S,18959463,978,20356,An.gambiae
barcode41,AgamP4_2L,2428804,1074,2429878,4464.852886,Vgsc-N1570Y,100,Vgsc-N1570Y,4795252,1074,4712,An.gambiae
barcode41,AgamP4_2L,2390443,1141,2391584,1355.679229,Vgsc-V402,100,Vgsc-V402,1546830,1141,1510,An.gambiae
barcode42,AgamP4_2R,3491270,1062,3492332,3554.872881,Ace1-280S,100,Ace1-280S,3775275,1062,3770,An.gambiae
barcode42,AgamP4_2L,25428663,1104,25429767,492.7599638,Gaba-296G,98.46014493,Gaba-296G,544007,1087,533,An.gambiae
barcode42,AgamP4_3R,28597892,842,28598734,3627.015439,Gste2-119V,100,Gste2-119V,3053947,842,3800,An.gambiae
barcode42,AgamP4_2L,2422485,978,2423463,6292.664622,Vgsc-L995S,100,Vgsc-L995S,6154226,978,6539,An.gambiae
barcode42,AgamP4_2L,2428804,1074,2429878,1279.048417,Vgsc-N1570Y,99.90689013,Vgsc-N1570Y,1373698,1073,1353,An.gambiae
barcode42,AgamP4_2L,2390443,1141,2391584,274.1367222,Vgsc-V402,100,Vgsc-V402,312790,1141,299,An.gambiae
barcode43,AgamP4_2R,3491270,1062,3492332,3117.205273,Ace1-280S,100,Ace1-280S,3310472,1062,3336,An.gambiae
barcode43,AgamP4_2L,25428663,1104,25429767,1026.966486,Gaba-296G,99.36594203,Gaba-296G,1133771,1097,1099,An.gambiae
barcode43,AgamP4_3R,28597892,842,28598734,3138.864608,Gste2-119V,100,Gste2-119V,2642924,842,3306,An.gambiae
barcode43,AgamP4_2L,2422485,978,2423463,4515.362986,Vgsc-L995S,100,Vgsc-L995S,4416025,978,4757,An.gambiae
barcode43,AgamP4_2L,2428804,1074,2429878,1128.249534,Vgsc-N1570Y,99.90689013,Vgsc-N1570Y,1211740,1073,1193,An.gambiae
barcode43,AgamP4_2L,2390443,1141,2391584,405.305872,Vgsc-V402,100,Vgsc-V402,462454,1141,437,An.gambiae
barcode44,AgamP4_2R,3491270,1062,3492332,10465.74482,Ace1-280S,100,Ace1-280S,11114621,1062,10987,An.gambiae
barcode44,AgamP4_2L,25428663,1104,25429767,5234.927536,Gaba-296G,99.90942029,Gaba-296G,5779360,1103,5574,An.gambiae
barcode44,AgamP4_3R,28597892,842,28598734,7257.507126,Gste2-119V,100,Gste2-119V,6110821,842,7612,An.gambiae
barcode44,AgamP4_2L,2422485,978,2423463,11883.5593,Vgsc-L995S,100,Vgsc-L995S,11622121,978,12632,An.gambiae
barcode44,AgamP4_2L,2428804,1074,2429878,2934.766294,Vgsc-N1570Y,100,Vgsc-N1570Y,3151939,1074,3071,An.gambiae
barcode44,AgamP4_2L,2390443,1141,2391584,990.9684487,Vgsc-V402,100,Vgsc-V402,1130695,1141,1058,An.gambiae
barcode45,AgamP4_2R,3491270,1062,3492332,15788.68362,Ace1-280S,100,Ace1-280S,16767582,1062,16706,An.gambiae
barcode45,AgamP4_2L,25428663,1104,25429767,4959.403986,Gaba-296G,100,Gaba-296G,5475182,1104,5249,An.gambiae
barcode45,AgamP4_3R,28597892,842,28598734,10701.31116,Gste2-119V,100,Gste2-119V,9010504,842,11277,An.gambiae
barcode45,AgamP4_2L,2422485,978,2423463,23094.59305,Vgsc-L995S,100,Vgsc-L995S,22586512,978,23822,An.gambiae
barcode45,AgamP4_2L,2428804,1074,2429878,3938.41527,Vgsc-N1570Y,100,Vgsc-N1570Y,4229858,1074,4090,An.gambiae
barcode45,AgamP4_2L,2390443,1141,2391584,736.7589833,Vgsc-V402,100,Vgsc-V402,840642,1141,791,An.gambiae
barcode46,AgamP4_2R,3491270,1062,3492332,17745.47458,Ace1-280S,100,Ace1-280S,18845694,1062,19376,An.gambiae
barcode46,AgamP4_2L,25428663,1104,25429767,1202.584239,Gaba-296G,100,Gaba-296G,1327653,1104,1311,An.gambiae
barcode46,AgamP4_3R,28597892,842,28598734,13066.09976,Gste2-119V,100,Gste2-119V,11001656,842,14105,An.gambiae
barcode46,AgamP4_2L,2422485,978,2423463,22168.76994,Vgsc-L995S,100,Vgsc-L995S,21681057,978,23471,An.gambiae
barcode46,AgamP4_2L,2428804,1074,2429878,6215.216946,Vgsc-N1570Y,100,Vgsc-N1570Y,6675143,1074,6566,An.gambiae
barcode46,AgamP4_2L,2390443,1141,2391584,1670.692375,Vgsc-V402,100,Vgsc-V402,1906260,1141,1838,An.gambiae
barcode47,AgamP4_2R,3491270,1062,3492332,12362.55461,Ace1-280S,100,Ace1-280S,13129033,1062,13009,An.gambiae
barcode47,AgamP4_2L,25428663,1104,25429767,528.7907609,Gaba-296G,100,Gaba-296G,583785,1104,576,An.gambiae
barcode47,AgamP4_3R,28597892,842,28598734,10363.90499,Gste2-119V,100,Gste2-119V,8726408,842,10749,An.gambiae
barcode47,AgamP4_2L,2422485,978,2423463,15085.0501,Vgsc-L995S,100,Vgsc-L995S,14753179,978,15875,An.gambiae
barcode47,AgamP4_2L,2428804,1074,2429878,3521.988827,Vgsc-N1570Y,100,Vgsc-N1570Y,3782616,1074,3687,An.gambiae
barcode47,AgamP4_2L,2390443,1141,2391584,1047.6617,Vgsc-V402,100,Vgsc-V402,1195382,1141,1114,An.gambiae
barcode48,AgamP4_2R,3491270,1062,3492332,28014.71186,Ace1-280S,100,Ace1-280S,29751624,1062,30108,An.gambiae
barcode48,AgamP4_2L,25428663,1104,25429767,15389.31884,Gaba-296G,100,Gaba-296G,16989808,1104,16553,An.gambiae
barcode48,AgamP4_3R,28597892,842,28598734,24288.53325,Gste2-119V,100,Gste2-119V,20450945,842,25630,An.gambiae
barcode48,AgamP4_2L,2422485,978,2423463,3379.616564,Vgsc-L995S,100,Vgsc-L995S,3305265,978,5700,An.gambiae
barcode48,AgamP4_2L,2428804,1074,2429878,8453.614525,Vgsc-N1570Y,100,Vgsc-N1570Y,9079182,1074,8854,An.gambiae
barcode48,AgamP4_2L,2390443,1141,2391584,3480.846626,Vgsc-V402,100,Vgsc-V402,3971646,1141,3767,An.gambiae
barcode49,AgamP4_2R,3491270,1062,3492332,43174.04802,Ace1-280S,100,Ace1-280S,45850839,1062,46458,An.gambiae
barcode49,AgamP4_2L,25428663,1104,25429767,9422.308877,Gaba-296G,100,Gaba-296G,10402229,1104,10105,An.gambiae
barcode49,AgamP4_3R,28597892,842,28598734,33617.66983,Gste2-119V,100,Gste2-119V,28306078,842,35150,An.gambiae
barcode49,AgamP4_2L,2422485,978,2423463,52453.52249,Vgsc-L995S,100,Vgsc-L995S,51299545,978,54396,An.gambiae
barcode49,AgamP4_2L,2428804,1074,2429878,10787.12384,Vgsc-N1570Y,100,Vgsc-N1570Y,11585371,1074,11292,An.gambiae
barcode49,AgamP4_2L,2390443,1141,2391584,1978.321648,Vgsc-V402,100,Vgsc-V402,2257265,1141,2136,An.gambiae
barcode50,AgamP4_2R,3491270,1062,3492332,39471.4096,Ace1-280S,100,Ace1-280S,41918637,1062,41818,An.gambiae
barcode50,AgamP4_2L,25428663,1104,25429767,11305.42301,Gaba-296G,100,Gaba-296G,12481187,1104,12456,An.gambiae
barcode50,AgamP4_3R,28597892,842,28598734,21400.43112,Gste2-119V,100,Gste2-119V,18019163,842,22464,An.gambiae
barcode50,AgamP4_2L,2422485,978,2423463,36064.52454,Vgsc-L995S,100,Vgsc-L995S,35271105,978,38815,An.gambiae
barcode50,AgamP4_2L,2428804,1074,2429878,9754.231844,Vgsc-N1570Y,100,Vgsc-N1570Y,10476045,1074,10296,An.gambiae
barcode50,AgamP4_2L,2390443,1141,2391584,2817.856266,Vgsc-V402,100,Vgsc-V402,3215174,1141,3103,An.gambiae
barcode51,AgamP4_2R,3491270,1062,3492332,12372.98211,Ace1-280S,100,Ace1-280S,13140107,1062,13055,An.gambiae
barcode51,AgamP4_2L,25428663,1104,25429767,3374.046196,Gaba-296G,99.90942029,Gaba-296G,3724947,1103,3706,An.gambiae
barcode51,AgamP4_3R,28597892,842,28598734,7678.932304,Gste2-119V,100,Gste2-119V,6465661,842,8028,An.gambiae
barcode51,AgamP4_2L,2422485,978,2423463,17675.99489,Vgsc-L995S,100,Vgsc-L995S,17287123,978,18460,An.gambiae
barcode51,AgamP4_2L,2428804,1074,2429878,3239.067039,Vgsc-N1570Y,100,Vgsc-N1570Y,3478758,1074,3427,An.gambiae
barcode51,AgamP4_2L,2390443,1141,2391584,508.4312007,Vgsc-V402,100,Vgsc-V402,580120,1141,576,An.gambiae
barcode52,AgamP4_2R,3491270,1062,3492332,9572.215631,Ace1-280S,100,Ace1-280S,10165693,1062,10145,An.gambiae
barcode52,AgamP4_2L,25428663,1104,25429767,574.1974638,Gaba-296G,100,Gaba-296G,633914,1104,626,An.gambiae
barcode52,AgamP4_3R,28597892,842,28598734,8654.850356,Gste2-119V,100,Gste2-119V,7287384,842,9074,An.gambiae
barcode52,AgamP4_2L,2422485,978,2423463,2609.201431,Vgsc-L995S,100,Vgsc-L995S,2551799,978,3506,An.gambiae
barcode52,AgamP4_2L,2428804,1074,2429878,3572.131285,Vgsc-N1570Y,100,Vgsc-N1570Y,3836469,1074,3716,An.gambiae
barcode52,AgamP4_2L,2390443,1141,2391584,1213.502191,Vgsc-V402,100,Vgsc-V402,1384606,1141,1296,An.gambiae
barcode53,AgamP4_2R,3491270,1062,3492332,2804.237288,Ace1-280S,100,Ace1-280S,2978100,1062,2985,An.gambiae
barcode53,AgamP4_2L,25428663,1104,25429767,1472.934783,Gaba-296G,99.63768116,Gaba-296G,1626120,1100,1572,An.gambiae
barcode53,AgamP4_3R,28597892,842,28598734,4390.438242,Gste2-119V,100,Gste2-119V,3696749,842,4582,An.gambiae
barcode53,AgamP4_2L,2422485,978,2423463,6516.912065,Vgsc-L995S,100,Vgsc-L995S,6373540,978,6764,An.gambiae
barcode53,AgamP4_2L,2428804,1074,2429878,1396.372439,Vgsc-N1570Y,100,Vgsc-N1570Y,1499704,1074,1501,An.gambiae
barcode53,AgamP4_2L,2390443,1141,2391584,218.5232252,Vgsc-V402,99.12357581,Vgsc-V402,249335,1131,232,An.gambiae
barcode54,AgamP4_2R,3491270,1062,3492332,13232.35122,Ace1-280S,100,Ace1-280S,14052757,1062,14231,An.gambiae
barcode54,AgamP4_2L,25428663,1104,25429767,188.9782609,Gaba-296G,97.64492754,Gaba-296G,208632,1078,222,An.gambiae
barcode54,AgamP4_3R,28597892,842,28598734,9749.346793,Gste2-119V,100,Gste2-119V,8208950,842,10354,An.gambiae
barcode54,AgamP4_2L,2422485,978,2423463,15600.89366,Vgsc-L995S,100,Vgsc-L995S,15257674,978,16711,An.gambiae
barcode54,AgamP4_2L,2428804,1074,2429878,3984.853818,Vgsc-N1570Y,100,Vgsc-N1570Y,4279733,1074,4261,An.gambiae
barcode54,AgamP4_2L,2390443,1141,2391584,1230.393514,Vgsc-V402,100,Vgsc-V402,1403879,1141,1384,An.gambiae
barcode55,AgamP4_2R,3491270,1062,3492332,20870.66196,Ace1-280S,100,Ace1-280S,22164643,1062,22053,An.gambiae
barcode55,AgamP4_2L,25428663,1104,25429767,392.2110507,Gaba-296G,99.45652174,Gaba-296G,433001,1098,456,An.gambiae
barcode55,AgamP4_3R,28597892,842,28598734,15023.47981,Gste2-119V,100,Gste2-119V,12649770,842,15772,An.gambiae
barcode55,AgamP4_2L,2422485,978,2423463,29749.68609,Vgsc-L995S,100,Vgsc-L995S,29095193,978,31049,An.gambiae
barcode55,AgamP4_2L,2428804,1074,2429878,5378.96648,Vgsc-N1570Y,100,Vgsc-N1570Y,5777010,1074,5687,An.gambiae
barcode55,AgamP4_2L,2390443,1141,2391584,1048.812445,Vgsc-V402,100,Vgsc-V402,1196695,1141,1183,An.gambiae
barcode56,AgamP4_2R,3491270,1062,3492332,62327.84463,Ace1-280S,100,Ace1-280S,66192171,1062,65224,An.gambiae
barcode56,AgamP4_2L,25428663,1104,25429767,375.3097826,Gaba-296G,99.27536232,Gaba-296G,414342,1096,441,An.gambiae
barcode56,AgamP4_3R,28597892,842,28598734,61996.2304,Gste2-119V,100,Gste2-119V,52200826,842,64569,An.gambiae
barcode56,AgamP4_2L,2422485,978,2423463,63184.09509,Vgsc-L995S,100,Vgsc-L995S,61794045,978,65224,An.gambiae
barcode56,AgamP4_2L,2428804,1074,2429878,27374.87803,Vgsc-N1570Y,100,Vgsc-N1570Y,29400619,1074,28516,An.gambiae
barcode56,AgamP4_2L,2390443,1141,2391584,6638.147239,Vgsc-V402,100,Vgsc-V402,7574126,1141,7041,An.gambiae
barcode57,AgamP4_2R,3491270,1062,3492332,12375.81921,Ace1-280S,100,Ace1-280S,13143120,1062,13153,An.gambiae
barcode57,AgamP4_2L,25428663,1104,25429767,354.1394928,Gaba-296G,99.90942029,Gaba-296G,390970,1103,391,An.gambiae
barcode57,AgamP4_3R,28597892,842,28598734,8078.686461,Gste2-119V,100,Gste2-119V,6802254,842,8519,An.gambiae
barcode57,AgamP4_2L,2422485,978,2423463,1746.875256,Vgsc-L995S,100,Vgsc-L995S,1708444,978,2811,An.gambiae
barcode57,AgamP4_2L,2428804,1074,2429878,3880.396648,Vgsc-N1570Y,100,Vgsc-N1570Y,4167546,1074,4075,An.gambiae
barcode57,AgamP4_2L,2390443,1141,2391584,1180.340053,Vgsc-V402,100,Vgsc-V402,1346768,1141,1296,An.gambiae
barcode58,AgamP4_2R,3491270,1062,3492332,16222.3597,Ace1-280S,100,Ace1-280S,17228146,1062,17112,An.gambiae
barcode58,AgamP4_2L,25428663,1104,25429767,7719.902174,Gaba-296G,99.90942029,Gaba-296G,8522772,1103,8262,An.gambiae
barcode58,AgamP4_3R,28597892,842,28598734,10917.59264,Gste2-119V,100,Gste2-119V,9192613,842,11446,An.gambiae
barcode58,AgamP4_2L,2422485,978,2423463,21808.80061,Vgsc-L995S,100,Vgsc-L995S,21329007,978,22744,An.gambiae
barcode58,AgamP4_2L,2428804,1074,2429878,4713.345438,Vgsc-N1570Y,100,Vgsc-N1570Y,5062133,1074,4995,An.gambiae
barcode58,AgamP4_2L,2390443,1141,2391584,668.3085013,Vgsc-V402,100,Vgsc-V402,762540,1141,736,An.gambiae
barcode59,AgamP4_2R,3491270,1062,3492332,16903.90584,Ace1-280S,100,Ace1-280S,17951948,1062,17728,An.gambiae
barcode59,AgamP4_2L,25428663,1104,25429767,7489.684783,Gaba-296G,100,Gaba-296G,8268612,1104,7902,An.gambiae
barcode59,AgamP4_3R,28597892,842,28598734,12115.9715,Gste2-119V,100,Gste2-119V,10201648,842,12741,An.gambiae
barcode59,AgamP4_2L,2422485,978,2423463,21828.95603,Vgsc-L995S,100,Vgsc-L995S,21348719,978,22648,An.gambiae
barcode59,AgamP4_2L,2428804,1074,2429878,5637.858473,Vgsc-N1570Y,100,Vgsc-N1570Y,6055060,1074,5850,An.gambiae
barcode59,AgamP4_2L,2390443,1141,2391584,1605.862401,Vgsc-V402,100,Vgsc-V402,1832289,1141,1698,An.gambiae
barcode60,AgamP4_2R,3491270,1062,3492332,13951.77307,Ace1-280S,100,Ace1-280S,14816783,1062,14783,An.gambiae
barcode60,AgamP4_2L,25428663,1104,25429767,9184.504529,Gaba-296G,100,Gaba-296G,10139693,1104,9795,An.gambiae
barcode60,AgamP4_3R,28597892,842,28598734,10890.84442,Gste2-119V,100,Gste2-119V,9170091,842,11296,An.gambiae
barcode60,AgamP4_2L,2422485,978,2423463,23307.47955,Vgsc-L995S,100,Vgsc-L995S,22794715,978,24051,An.gambiae
barcode60,AgamP4_2L,2428804,1074,2429878,4565.391061,Vgsc-N1570Y,100,Vgsc-N1570Y,4903230,1074,4759,An.gambiae
barcode60,AgamP4_2L,2390443,1141,2391584,781.9623138,Vgsc-V402,100,Vgsc-V402,892219,1141,837,An.gambiae
barcode61,AgamP4_2R,3491270,1062,3492332,12473.32768,Ace1-280S,100,Ace1-280S,13246674,1062,13126,An.gambiae
barcode61,AgamP4_2L,25428663,1104,25429767,247.6358696,Gaba-296G,99.0942029,Gaba-296G,273390,1094,272,An.gambiae
barcode61,AgamP4_3R,28597892,842,28598734,8733.285036,Gste2-119V,100,Gste2-119V,7353426,842,9163,An.gambiae
barcode61,AgamP4_2L,2422485,978,2423463,1281.48773,Vgsc-L995S,100,Vgsc-L995S,1253295,978,2370,An.gambiae
barcode61,AgamP4_2L,2428804,1074,2429878,3581.285847,Vgsc-N1570Y,100,Vgsc-N1570Y,3846301,1074,3729,An.gambiae
barcode61,AgamP4_2L,2390443,1141,2391584,1254.288344,Vgsc-V402,100,Vgsc-V402,1431143,1141,1363,An.gambiae
barcode62,AgamP4_2R,3491270,1062,3492332,27721.23352,Ace1-280S,100,Ace1-280S,29439950,1062,29512,An.gambiae
barcode62,AgamP4_2L,25428663,1104,25429767,432.263587,Gaba-296G,99.81884058,Gaba-296G,477219,1102,502,An.gambiae
barcode62,AgamP4_3R,28597892,842,28598734,16501.99644,Gste2-119V,100,Gste2-119V,13894681,842,17305,An.gambiae
barcode62,AgamP4_2L,2422485,978,2423463,3616.404908,Vgsc-L995S,100,Vgsc-L995S,3536844,978,5904,An.gambiae
barcode62,AgamP4_2L,2428804,1074,2429878,8557.309125,Vgsc-N1570Y,100,Vgsc-N1570Y,9190550,1074,8915,An.gambiae
barcode62,AgamP4_2L,2390443,1141,2391584,2778.530237,Vgsc-V402,100,Vgsc-V402,3170303,1141,2968,An.gambiae
barcode63,AgamP4_2R,3491270,1062,3492332,6535.615819,Ace1-280S,100,Ace1-280S,6940824,1062,6960,An.gambiae
barcode63,AgamP4_2L,25428663,1104,25429767,4057.161232,Gaba-296G,99.90942029,Gaba-296G,4479106,1103,4307,An.gambiae
barcode63,AgamP4_3R,28597892,842,28598734,7901.245843,Gste2-119V,100,Gste2-119V,6652849,842,8324,An.gambiae
barcode63,AgamP4_2L,2422485,978,2423463,12041.8364,Vgsc-L995S,100,Vgsc-L995S,11776916,978,12571,An.gambiae
barcode63,AgamP4_2L,2428804,1074,2429878,2296.526071,Vgsc-N1570Y,100,Vgsc-N1570Y,2466469,1074,2395,An.gambiae
barcode63,AgamP4_2L,2390443,1141,2391584,803.1787905,Vgsc-V402,100,Vgsc-V402,916427,1141,855,An.gambiae
barcode64,AgamP4_2R,3491270,1062,3492332,15242.42185,Ace1-280S,100,Ace1-280S,16187452,1062,16282,An.gambiae
barcode64,AgamP4_2L,25428663,1104,25429767,8476.655797,Gaba-296G,100,Gaba-296G,9358228,1104,9010,An.gambiae
barcode64,AgamP4_3R,28597892,842,28598734,9342.62114,Gste2-119V,100,Gste2-119V,7866487,842,9855,An.gambiae
barcode64,AgamP4_2L,2422485,978,2423463,2255.013292,Vgsc-L995S,100,Vgsc-L995S,2205403,978,2652,An.gambiae
barcode64,AgamP4_2L,2428804,1074,2429878,4799.729981,Vgsc-N1570Y,100,Vgsc-N1570Y,5154910,1074,4977,An.gambiae
barcode64,AgamP4_2L,2390443,1141,2391584,1407.319895,Vgsc-V402,100,Vgsc-V402,1605752,1141,1505,An.gambiae
barcode65,AgamP4_2R,3491270,1062,3492332,3312.999058,Ace1-280S,100,Ace1-280S,3518405,1062,3520,An.gambiae
barcode65,AgamP4_2L,25428663,1104,25429767,197.0597826,Gaba-296G,97.10144928,Gaba-296G,217554,1072,227,An.gambiae
barcode65,AgamP4_3R,28597892,842,28598734,2394.748219,Gste2-119V,100,Gste2-119V,2016378,842,2524,An.gambiae
barcode65,AgamP4_2L,2422485,978,2423463,4154.180982,Vgsc-L995S,100,Vgsc-L995S,4062789,978,4431,An.gambiae
barcode65,AgamP4_2L,2428804,1074,2429878,1055.60987,Vgsc-N1570Y,99.90689013,Vgsc-N1570Y,1133725,1073,1099,An.gambiae
barcode65,AgamP4_2L,2390443,1141,2391584,316.9053462,Vgsc-V402,99.82471516,Vgsc-V402,361589,1139,345,An.gambiae
barcode66,AgamP4_2R,3491270,1062,3492332,2132.947269,Ace1-280S,100,Ace1-280S,2265190,1062,2279,An.gambiae
barcode66,AgamP4_2L,25428663,1104,25429767,652.361413,Gaba-296G,98.91304348,Gaba-296G,720207,1092,695,An.gambiae
barcode66,AgamP4_3R,28597892,842,28598734,1354.150831,Gste2-119V,100,Gste2-119V,1140195,842,1445,An.gambiae
barcode66,AgamP4_2L,2422485,978,2423463,2826.242331,Vgsc-L995S,100,Vgsc-L995S,2764065,978,2985,An.gambiae
barcode66,AgamP4_2L,2428804,1074,2429878,812.1452514,Vgsc-N1570Y,99.90689013,Vgsc-N1570Y,872244,1073,858,An.gambiae
barcode66,AgamP4_2L,2390443,1141,2391584,212.8299737,Vgsc-V402,99.21121823,Vgsc-V402,242839,1132,231,An.gambiae
barcode67,AgamP4_2R,3491270,1062,3492332,3768.820151,Ace1-280S,100,Ace1-280S,4002487,1062,3937,An.gambiae
barcode67,AgamP4_2L,25428663,1104,25429767,56.60235507,Gaba-296G,0,Gaba-296G,62489,0,66,An.gambiae
barcode67,AgamP4_3R,28597892,842,28598734,1824.700713,Gste2-119V,100,Gste2-119V,1536398,842,1921,An.gambiae
barcode67,AgamP4_2L,2422485,978,2423463,4923.299591,Vgsc-L995S,100,Vgsc-L995S,4814987,978,5142,An.gambiae
barcode67,AgamP4_2L,2428804,1074,2429878,1035.216946,Vgsc-N1570Y,99.90689013,Vgsc-N1570Y,1111823,1073,1100,An.gambiae
barcode67,AgamP4_2L,2390443,1141,2391584,83.04907975,Vgsc-V402,0,Vgsc-V402,94759,0,90,An.gambiae
barcode68,AgamP4_2R,3491270,1062,3492332,4216.334275,Ace1-280S,100,Ace1-280S,4477747,1062,4484,An.gambiae
barcode68,AgamP4_2L,25428663,1104,25429767,2951.161232,Gaba-296G,99.90942029,Gaba-296G,3258082,1103,3139,An.gambiae
barcode68,AgamP4_3R,28597892,842,28598734,2880.281473,Gste2-119V,100,Gste2-119V,2425197,842,3044,An.gambiae
barcode68,AgamP4_2L,2422485,978,2423463,811.6124744,Vgsc-L995S,99.89775051,Vgsc-L995S,793757,977,1214,An.gambiae
barcode68,AgamP4_2L,2428804,1074,2429878,1481.456238,Vgsc-N1570Y,99.90689013,Vgsc-N1570Y,1591084,1073,1558,An.gambiae
barcode68,AgamP4_2L,2390443,1141,2391584,468.0175285,Vgsc-V402,100,Vgsc-V402,534008,1141,503,An.gambiae
barcode69,AgamP4_2R,3491270,1062,3492332,1307.436911,Ace1-280S,100,Ace1-280S,1388498,1062,1398,An.gambiae
barcode69,AgamP4_2L,25428663,1104,25429767,674.7563406,Gaba-296G,98.73188406,Gaba-296G,744931,1090,726,An.gambiae
barcode69,AgamP4_3R,28597892,842,28598734,946.7007126,Gste2-119V,100,Gste2-119V,797122,842,1009,An.gambiae
barcode69,AgamP4_2L,2422485,978,2423463,1987.99591,Vgsc-L995S,100,Vgsc-L995S,1944260,978,2105,An.gambiae
barcode69,AgamP4_2L,2428804,1074,2429878,428.9162011,Vgsc-N1570Y,99.25512104,Vgsc-N1570Y,460656,1066,454,An.gambiae
barcode69,AgamP4_2L,2390443,1141,2391584,83.72217353,Vgsc-V402,0,Vgsc-V402,95527,0,89,An.gambiae
barcode70,AgamP4_2R,3491270,1062,3492332,88.326742,Ace1-280S,0,Ace1-280S,93803,0,107,An.gambiae
barcode70,AgamP4_2L,25428663,1104,25429767,94.15851449,Gaba-296G,27.7173913,Gaba-296G,103951,306,132,An.gambiae
barcode70,AgamP4_3R,28597892,842,28598734,89.63064133,Gste2-119V,11.99524941,Gste2-119V,75469,101,128,An.gambiae
barcode70,AgamP4_2L,2422485,978,2423463,1079.025562,Vgsc-L995S,99.89775051,Vgsc-L995S,1055287,977,1132,An.gambiae
barcode70,AgamP4_2L,2428804,1074,2429878,100.5512104,Vgsc-N1570Y,84.82309125,Vgsc-N1570Y,107992,911,109,An.gambiae
barcode70,AgamP4_2L,2390443,1141,2391584,36.60473269,Vgsc-V402,0,Vgsc-V402,41766,0,40,An.gambiae
unclassified,AgamP4_2R,3491270,1062,3492332,62253.74388,Ace1-280S,100,Ace1-280S,66113476,1062,66617,An.gambiae
unclassified,AgamP4_2L,25428663,1104,25429767,17912.96649,Gaba-296G,100,Gaba-296G,19775915,1104,19440,An.gambiae
unclassified,AgamP4_3R,28597892,842,28598734,48880.29691,Gste2-119V,100,Gste2-119V,41157210,842,52512,An.gambiae
unclassified,AgamP4_2L,2422485,978,2423463,62590.30266,Vgsc-L995S,100,Vgsc-L995S,61213316,978,66251,An.gambiae
unclassified,AgamP4_2L,2428804,1074,2429878,24145.5689,Vgsc-N1570Y,100,Vgsc-N1570Y,25932341,1074,25727,An.gambiae
unclassified,AgamP4_2L,2390443,1141,2391584,5752.744961,Vgsc-V402,100,Vgsc-V402,6563882,1141,6276,An.gambiae
