sample_id,barcode
KEB9N8,barcode01
KEBFWN,barcode02
KEBH73,barcode03
KEBCJT,barcode04
KEBFBC,barcode05
KEBEAD,barcode06
KEBH3W,barcode07
KEBF3M,barcode08
KEBBBB,barcode09
KEBFLM,barcode10
KEBHBS,barcode11
KEBDBE,barcode12
KEBDLY,barcode13
KEBDZW,barcode14
KEB7FB,barcode15
KEBDVB,barcode16
KEB7L9,barcode17
KEBH6Z,barcode18
KEBCKJ,barcode19
KEBD9M,barcode20
KEB9DU,barcode21
KEB8HG,barcode22
KEBCBM,barcode23
KEBEDJ,barcode25
KEBFAJ,barcode26
KEBEUP,barcode27
KEBEVM,barcode28
KEBFP4,barcode29
KEBEFC,barcode30
KEBGY3,barcode31
KEBGW6,barcode32
KEB8EP,barcode33
KEBHPL,barcode34
KEB747,barcode35
KEBF6S,barcode36
KEBFL9,barcode37
KEBDNS,barcode38
KEBF7O,barcode39
KEBFLS,barcode40
KEB7OH,barcode41
KEBF7F,barcode42
KEBE3U,barcode43
KEBDZ4,barcode44
KEB8J9,barcode45
KEBDYK,barcode46
KEBEAT,barcode47
KEBCBO,barcode48
KEBDGP,barcode49
KEB7SC,barcode50
KEBGUZ,barcode51
KEBC8M,barcode52
KEBH7U,barcode53
KEBCIS,barcode54
KEBCPY,barcode55
KEBCFV,barcode56
KEBEOF,barcode57
KEBDRA,barcode58
KEBCLJ,barcode59
KEBEBC,barcode60
KEBDXQ,barcode61
KEBH99,barcode62
KEBEBY,barcode63
KEBCMQ,barcode64
KEB6T7,barcode65
KEB7Y3,barcode66
KEB9M3,barcode67
KEBGYD,barcode68
KEBCSC,barcode69
Negative control,barcode70
