,Unnamed: 0,CHROM,POS,ID,REF,ALT,QUAL,FILTER,ANN,gene_name,Protein_Change,LOCATION,GT:0/0,GT:0/1,GT:1/1,GT:0/2,GT:1/2,GT:2/2,GT:0/3,GT:1/3,GT:2/3,GT:3/3,total_x,ref,alt1,alt2,alt3,total_y,Gene_symbol,Label
5,5,AgamP4_2R,3491547,,G,A,104.4810028,PASS,"missense|Ace|AGAP001356.R547|protein_coding|+|133E>133K|3491547G>A', 'missense|Ace|AGAP001356.R546|protein_coding|+|133E>133K|3491547G>A",Ace,133E>133K,AgamP4_2R:3491547-Ace-133E>133K,0.99,0.01,0.0,0.0,0.0,0.0,0.0,0.0,0.0,0.0,1.0,0.99,0.01,0.0,0.0,1.0,Ace2,Ace2(133E>133K)
8,8,AgamP4_2R,3491580,,G,A,275.0029907,PASS,"missense|Ace|AGAP001356.R547|protein_coding|+|144A>144T|3491580G>A', 'missense|Ace|AGAP001356.R546|protein_coding|+|144A>144T|3491580G>A",Ace,144A>144T,AgamP4_2R:3491580-Ace-144A>144T,0.99,0.01,0.0,0.0,0.0,0.0,0.0,0.0,0.0,0.0,1.0,0.99,0.01,0.0,0.0,1.0,Ace2,Ace2(144A>144T)
26,26,AgamP4_2R,3491715,,C,G,275.0029907,PASS,"missense|Ace|AGAP001356.R547|protein_coding|+|160A>160G|3491715C>G', 'missense|Ace|AGAP001356.R546|protein_coding|+|160A>160G|3491715C>G",Ace,160A>160G,AgamP4_2R:3491715-Ace-160A>160G,0.99,0.01,0.0,0.0,0.0,0.0,0.0,0.0,0.0,0.0,1.0,0.99,0.01,0.0,0.0,1.0,Ace2,Ace2(160A>160G)
36,36,AgamP4_2R,3491888,,G,T,275.0029907,PASS,"missense|Ace|AGAP001356.R547|protein_coding|+|218V>218L|3491888G>T', 'missense|Ace|AGAP001356.R546|protein_coding|+|218V>218L|3491888G>T",Ace,218V>218L,AgamP4_2R:3491888-Ace-218V>218L,0.99,0.01,0.0,0.0,0.0,0.0,0.0,0.0,0.0,0.0,1.0,0.99,0.01,0.0,0.0,1.0,Ace2,Ace2(218V>218L)
38,38,AgamP4_2R,3491904,,C,T,275.0029907,PASS,"missense|Ace|AGAP001356.R547|protein_coding|+|223T>223I|3491904C>T', 'missense|Ace|AGAP001356.R546|protein_coding|+|223T>223I|3491904C>T",Ace,223T>223I,AgamP4_2R:3491904-Ace-223T>223I,0.99,0.01,0.0,0.0,0.0,0.0,0.0,0.0,0.0,0.0,1.0,0.99,0.01,0.0,0.0,1.0,Ace2,Ace2(223T>223I)
97,97,AgamP4_2L,2422651,,T,C,238.052002,PASS,"missense|para|AGAP004707-RJ|protein_coding|+|991L>991S|2422651T>C', 'missense|para|AGAP004707-RJ|protein_coding|+|991L>991S|2422651T>C+2422652A>T', 'missense|para|AGAP004707-RL|protein_coding|+|995L>995S|2422651T>C', 'missense|para|AGAP004707-RL|protein_coding|+|995L>995S|2422651T>C+2422652A>T', 'missense|para|AGAP004707-RF|protein_coding|+|980L>980S|2422651T>C', 'missense|para|AGAP004707-RF|protein_coding|+|980L>980S|2422651T>C+2422652A>T', 'missense|para|AGAP004707-RI|protein_coding|+|1008L>1008S|2422651T>C', 'missense|para|AGAP004707-RI|protein_coding|+|1008L>1008S|2422651T>C+2422652A>T', 'missense|para|AGAP004707-RD|protein_coding|+|995L>995S|2422651T>C', 'missense|para|AGAP004707-RD|protein_coding|+|995L>995S|2422651T>C+2422652A>T', 'missense|para|AGAP004707-RE|protein_coding|+|925L>925S|2422651T>C', 'missense|para|AGAP004707-RE|protein_coding|+|925L>925S|2422651T>C+2422652A>T', 'missense|para|AGAP004707-RH|protein_coding|+|1008L>1008S|2422651T>C', 'missense|para|AGAP004707-RH|protein_coding|+|1008L>1008S|2422651T>C+2422652A>T', 'missense|para|AGAP004707-RM|protein_coding|+|995L>995S|2422651T>C', 'missense|para|AGAP004707-RM|protein_coding|+|995L>995S|2422651T>C+2422652A>T', 'missense|para|AGAP004707-RB|protein_coding|+|991L>991S|2422651T>C', 'missense|para|AGAP004707-RB|protein_coding|+|991L>991S|2422651T>C+2422652A>T', 'missense|para|AGAP004707-RG|protein_coding|+|937L>937S|2422651T>C', 'missense|para|AGAP004707-RG|protein_coding|+|937L>937S|2422651T>C+2422652A>T', 'missense|para|AGAP004707-RK|protein_coding|+|1008L>1008S|2422651T>C', 'missense|para|AGAP004707-RK|protein_coding|+|1008L>1008S|2422651T>C+2422652A>T', 'missense|para|AGAP004707-RC|protein_coding|+|980L>980S|2422651T>C', 'missense|para|AGAP004707-RC|protein_coding|+|980L>980S|2422651T>C+2422652A>T', 'missense|para|AGAP004707-RA|protein_coding|+|980L>980S|2422651T>C', 'missense|para|AGAP004707-RA|protein_coding|+|980L>980S|2422651T>C+2422652A>T",para,991L>991S,AgamP4_2L:2422651-para-991L>991S,0.06,0.19,0.75,0.0,0.0,0.0,0.0,0.0,0.0,0.0,1.0,0.15,0.85,0.0,0.0,1.0,Vgsc,Vgsc(995L>995S)
98,98,AgamP4_2L,2422652,,A,T,275.0029907,PASS,"missense|para|AGAP004707-RJ|protein_coding|+|991L>991F|2422652A>T', 'missense|para|AGAP004707-RL|protein_coding|+|995L>995F|2422652A>T', 'missense|para|AGAP004707-RF|protein_coding|+|980L>980F|2422652A>T', 'missense|para|AGAP004707-RI|protein_coding|+|1008L>1008F|2422652A>T', 'missense|para|AGAP004707-RD|protein_coding|+|995L>995F|2422652A>T', 'missense|para|AGAP004707-RE|protein_coding|+|925L>925F|2422652A>T', 'missense|para|AGAP004707-RH|protein_coding|+|1008L>1008F|2422652A>T', 'missense|para|AGAP004707-RM|protein_coding|+|995L>995F|2422652A>T', 'missense|para|AGAP004707-RB|protein_coding|+|991L>991F|2422652A>T', 'missense|para|AGAP004707-RG|protein_coding|+|937L>937F|2422652A>T', 'missense|para|AGAP004707-RK|protein_coding|+|1008L>1008F|2422652A>T', 'missense|para|AGAP004707-RC|protein_coding|+|980L>980F|2422652A>T', 'missense|para|AGAP004707-RA|protein_coding|+|980L>980F|2422652A>T",para,991L>991F,AgamP4_2L:2422652-para-991L>991F,0.97,0.01,0.01,0.0,0.0,0.0,0.0,0.0,0.0,0.0,1.0,0.98,0.02,0.0,0.0,1.0,Vgsc,Vgsc(995L>995F)
129,129,AgamP4_2L,2429622,,T,C,230.022995,PASS,"missense|para|AGAP004707-RJ|protein_coding|+|1496F>1496L|2429622T>C', 'missense|para|AGAP004707-RL|protein_coding|+|1503F>1503L|2429622T>C', 'missense|para|AGAP004707-RF|protein_coding|+|1485F>1485L|2429622T>C', 'missense|para|AGAP004707-RI|protein_coding|+|1539F>1539L|2429622T>C', 'missense|para|AGAP004707-RD|protein_coding|+|1529F>1529L|2429622T>C', 'missense|para|AGAP004707-RE|protein_coding|+|1420F>1420L|2429622T>C', 'missense|para|AGAP004707-RH|protein_coding|+|1539F>1539L|2429622T>C', 'missense|para|AGAP004707-RM|protein_coding|+|1503F>1503L|2429622T>C', 'missense|para|AGAP004707-RB|protein_coding|+|1522F>1522L|2429622T>C', 'missense|para|AGAP004707-RG|protein_coding|+|1442F>1442L|2429622T>C', 'missense|para|AGAP004707-RK|protein_coding|+|1513F>1513L|2429622T>C', 'missense|para|AGAP004707-RC|protein_coding|+|1485F>1485L|2429622T>C', 'missense|para|AGAP004707-RA|protein_coding|+|1475F>1475L|2429622T>C",para,1496F>1496L,AgamP4_2L:2429622-para-1496F>1496L,0.94,0.04,0.01,0.0,0.0,0.0,0.0,0.0,0.0,0.0,1.0,0.96,0.04,0.0,0.0,1.0,Vgsc,Vgsc(1529F>1529L)
151,151,AgamP4_2L,25429235,,G,T,275.0029907,PASS,"missense|Rdl|AGAP006028-RC|protein_coding|+|296A>296S|25429235G>T', 'missense|Rdl|AGAP006028-RB|protein_coding|+|296A>296S|25429235G>T', 'missense|Rdl|AGAP006028-RA|protein_coding|+|296A>296S|25429235G>T",Rdl,296A>296S,AgamP4_2L:25429235-Rdl-296A>296S,0.96,0.04,0.0,0.0,0.0,0.0,0.0,0.0,0.0,0.0,1.0,0.98,0.02,0.0,0.0,1.0,Gaba,Gaba(296A>296S)
206,206,AgamP4_3R,28597956,,G,C,220.9980011,PASS,missense|GSTE2|AGAP009194-RA|protein_coding|-|154T>154S|28597956G>C,GSTE2,154T>154S,AgamP4_3R:28597956-GSTE2-154T>154S,0.66,0.31,0.03,0.0,0.0,0.0,0.0,0.0,0.0,0.0,1.0,0.82,0.18,0.0,0.0,1.0,Gste2,Gste2(154T>154S)
211,211,AgamP4_3R,28598041,,T,A,237.875,PASS,missense|GSTE2|AGAP009194-RA|protein_coding|-|126I>126F|28598041T>A,GSTE2,126I>126F,AgamP4_3R:28598041-GSTE2-126I>126F,0.8,0.16,0.04,0.0,0.0,0.0,0.0,0.0,0.0,0.0,1.0,0.88,0.12,0.0,0.0,1.0,Gste2,Gste2(126I>126F)
213,213,AgamP4_3R,28598048,,T,A,224.9519958,PASS,missense|GSTE2|AGAP009194-RA|protein_coding|-|123K>123N|28598048T>A,GSTE2,123K>123N,AgamP4_3R:28598048-GSTE2-123K>123N,0.9,0.1,0.0,0.0,0.0,0.0,0.0,0.0,0.0,0.0,1.0,0.95,0.05,0.0,0.0,1.0,Gste2,Gste2(123K>123N)
215,215,AgamP4_3R,28598062,,G,C,275.0029907,PASS,missense|GSTE2|AGAP009194-RA|protein_coding|-|119L>119V|28598062G>C,GSTE2,119L>119V,AgamP4_3R:28598062-GSTE2-119L>119V,0.96,0.04,0.0,0.0,0.0,0.0,0.0,0.0,0.0,0.0,1.0,0.98,0.02,0.0,0.0,1.0,Gste2,Gste2(119L>119V)
230,230,AgamP4_3R,28598215,,A,C,275.0029907,PASS,missense|GSTE2|AGAP009194-RA|protein_coding|-|98S>98A|28598215A>C,GSTE2,98S>98A,AgamP4_3R:28598215-GSTE2-98S>98A,0.99,0.01,0.0,0.0,0.0,0.0,0.0,0.0,0.0,0.0,1.0,0.99,0.01,0.0,0.0,1.0,Gste2,Gste2(98S>98A)
232,232,AgamP4_3R,28598236,,C,T,123.4929962,PASS,missense|GSTE2|AGAP009194-RA|protein_coding|-|91V>91I|28598236C>T,GSTE2,91V>91I,AgamP4_3R:28598236-GSTE2-91V>91I,0.97,0.03,0.0,0.0,0.0,0.0,0.0,0.0,0.0,0.0,1.0,0.99,0.01,0.0,0.0,1.0,Gste2,Gste2(91V>91I)
234,234,AgamP4_3R,28598278,,T,A,275.0029907,PASS,missense|GSTE2|AGAP009194-RA|protein_coding|-|77T>77S|28598278T>A,GSTE2,77T>77S,AgamP4_3R:28598278-GSTE2-77T>77S,0.99,0.01,0.0,0.0,0.0,0.0,0.0,0.0,0.0,0.0,1.0,0.99,0.01,0.0,0.0,1.0,Gste2,Gste2(77T>77S)
252,252,AgamP4_3R,28598505,,C,T,275.0029907,PASS,missense|GSTE2|AGAP009194-RA|protein_coding|-|26G>26S|28598505C>T,GSTE2,26G>26S,AgamP4_3R:28598505-GSTE2-26G>26S,0.96,0.04,0.0,0.0,0.0,0.0,0.0,0.0,0.0,0.0,1.0,0.98,0.02,0.0,0.0,1.0,Gste2,Gste2(26G>26S)
255,255,AgamP4_3R,28598520,,T,C,161.5749969,PASS,missense|GSTE2|AGAP009194-RA|protein_coding|-|21T>21A|28598520T>C,GSTE2,21T>21A,AgamP4_3R:28598520-GSTE2-21T>21A,0.93,0.07,0.0,0.0,0.0,0.0,0.0,0.0,0.0,0.0,1.0,0.96,0.04,0.0,0.0,1.0,Gste2,Gste2(21T>21A)
260,260,AgamP4_3R,28598572,,G,C,238.0910034,PASS,missense|GSTE2|AGAP009194-RA|protein_coding|-|3N>3K|28598572G>C,GSTE2,3N>3K,AgamP4_3R:28598572-GSTE2-3N>3K,0.0,0.03,0.97,0.0,0.0,0.0,0.0,0.0,0.0,0.0,1.0,0.01,0.99,0.0,0.0,1.0,Gste2,Gste2(3N>3K)
