n_total,n_mapped,n_primary,n_secondary,n_chimeria,n_unmapped,barcode,species
637615,636808,605507,2174,29127,807,barcode01,An.gambiae
259224,255250,236525,9755,8970,3974,barcode02,An.gambiae
28030,27510,21714,4093,1703,520,barcode03,An.gambiae
93862,93593,85943,3603,4047,269,barcode04,An.gambiae
95263,93074,81257,7528,4289,2189,barcode05,An.gambiae
130839,130160,118879,6213,5068,679,barcode06,An.gambiae
57674,57449,53273,1210,2966,225,barcode07,An.gambiae
8922,8834,7047,1186,601,88,barcode08,An.gambiae
78709,77942,73669,592,3681,767,barcode09,An.gambiae
63762,63702,55472,2646,5584,60,barcode10,An.gambiae
104914,104674,99891,245,4538,240,barcode11,An.gambiae
199983,199745,185446,5444,8855,238,barcode12,An.gambiae
90299,89293,76189,5576,7528,1006,barcode13,An.gambiae
88298,88127,78483,3186,6458,171,barcode14,An.gambiae
100220,99848,94367,452,5029,372,barcode15,An.gambiae
37987,37863,35105,437,2321,124,barcode16,An.gambiae
123528,123387,117555,1524,4308,141,barcode17,An.gambiae
27226,26986,21917,3205,1864,240,barcode18,An.gambiae
100871,100243,94244,2643,3356,628,barcode19,An.gambiae
58706,56853,55550,50,1253,1853,barcode20,An.gambiae
38288,38115,36049,73,1993,173,barcode21,An.gambiae
113789,113654,105645,4927,3082,135,barcode22,An.gambiae
60955,60133,55232,1864,3037,822,barcode23,An.gambiae
68776,68476,57967,5096,5413,300,barcode25,An.gambiae
93717,93513,86079,3711,3723,204,barcode26,An.gambiae
221800,221400,210827,2299,8274,400,barcode27,An.gambiae
195751,195517,182669,7305,5543,234,barcode28,An.gambiae
105116,104944,95423,5010,4511,172,barcode29,An.gambiae
67531,67272,62552,262,4458,259,barcode30,An.gambiae
18830,18268,15541,581,2146,562,barcode31,An.gambiae
249740,249386,229415,11015,8956,354,barcode32,An.gambiae
30469,30225,28836,155,1234,244,barcode33,An.gambiae
9899,9875,8800,160,915,24,barcode34,An.gambiae
125402,125320,118215,1753,5352,82,barcode35,An.gambiae
100914,100637,92700,1542,6395,277,barcode36,An.gambiae
80267,79118,75771,1228,2119,1149,barcode37,An.gambiae
232481,232202,217313,5710,9179,279,barcode38,An.gambiae
66069,65917,61703,714,3500,152,barcode39,An.gambiae
75116,72210,66923,3021,2266,2906,barcode40,An.gambiae
65245,64878,60321,1635,2922,367,barcode41,An.gambiae
16700,16674,15469,36,1169,26,barcode42,An.gambiae
16646,16592,14323,1006,1263,54,barcode43,An.gambiae
48753,48544,42857,3025,2662,209,barcode44,An.gambiae
88517,82640,72265,8048,2327,5877,barcode45,An.gambiae
71674,71011,66409,1627,2975,663,barcode46,An.gambiae
49930,48822,45469,808,2545,1108,barcode47,An.gambiae
118301,117988,99784,10683,7521,313,barcode48,An.gambiae
180284,177990,160725,8987,8278,2294,barcode49,An.gambiae
171331,171185,143691,20510,6984,146,barcode50,An.gambiae
49781,49727,45118,1015,3594,54,barcode51,An.gambiae
31864,31639,28992,856,1791,225,barcode52,An.gambiae
35807,32603,25430,6343,830,3204,barcode53,An.gambiae
51954,51765,48573,920,2272,189,barcode54,An.gambiae
78911,78718,73366,446,4906,193,barcode55,An.gambiae
303331,302597,287531,4559,10507,734,barcode56,An.gambiae
40480,39325,34357,3005,1963,1155,barcode57,An.gambiae
67931,67479,63600,678,3201,452,barcode58,An.gambiae
77871,77128,71215,3610,2303,743,barcode59,An.gambiae
69536,69245,65536,761,2948,291,barcode60,An.gambiae
38287,38207,32134,3273,2800,80,barcode61,An.gambiae
75332,75074,65639,4679,4756,258,barcode62,An.gambiae
38226,37640,35762,158,1720,586,barcode63,An.gambiae
51650,50071,46282,1441,2348,1579,barcode64,An.gambiae
13467,13241,12229,303,709,226,barcode65,An.gambiae
8705,8648,8211,31,406,57,barcode66,An.gambiae
13111,12900,11976,290,634,211,barcode67,An.gambiae
16425,16338,14802,615,921,87,barcode68,An.gambiae
5982,5957,5368,50,539,25,barcode69,An.gambiae
2800,2395,2220,116,59,405,barcode70,An.gambiae
304718,301450,223277,9470,68703,3268,unclassified,An.gambiae
