sample_id,accession,message,sample_title,bioproject_accession,organism,isolate,breed,host,isolation_source,collection_date.x,geo_loc_name,tissue,age,altitude,biomaterial_provider,collected_by,depth,dev_stage,env_broad_scale,host_tissue_sampled,identified_by,lat_lon,sex,specimen_voucher,temp,description,method_of_collection,...1,barcode,file,mosquito_code,collection_date.y,sub_county,cluster_code,village_code,village_name,structure_id,gps_coordinates,collection_method,collection_location,hour_of_collection
KEB9N8,SAMN62672103,Successfully loaded,NA,NA,Anopheles gambiae,gam_01,NA,not applicable,Field sample,11/16/23,Kenya: Alego_Usonga,legs and wings,NA,NA,NA,NA,NA,Adult,NA,NA,NA,0.0838903 N 34.2412518 E,Female,NA,NA,NA,NA,152,barcode01,an_gam,KEB9N8,45246,Alego_Usonga,C24,V0900,Lwanda Lang'O,V0900-0037-A,0.0838903 34.2412518 1236.22 6.87,UVLT,IN,NA
KEBFWN,SAMN62672104,Successfully loaded,NA,NA,Anopheles gambiae,gam_02,NA,not applicable,Field sample,11/16/23,Kenya: Alego_Usonga,legs and wings,NA,NA,NA,NA,NA,Adult,NA,NA,NA,0.0852347 N 34.2433159 E,Female,NA,NA,NA,NA,153,barcode02,an_gam,KEBFWN,45246,Alego_Usonga,C24,V0900,Lwanda Lang'O,V0900-0042-A,0.0852347 34.2433159 1240.29 3.9,HLC,IN,5
KEBH73,SAMN62672105,Successfully loaded,NA,NA,Anopheles gambiae,gam_03,NA,not applicable,Field sample,11/16/23,Kenya: Alego_Usonga,legs and wings,NA,NA,NA,NA,NA,Adult,NA,NA,NA,0.0835817 N 34.2443873 E,Female,NA,NA,NA,NA,154,barcode03,an_gam,KEBH73,45246,Alego_Usonga,C24,V0900,Lwanda Lang'O,V0900-0034-C,0.0835817 34.2443873 1266.69 1.23,HLC,IN,9
KEBCJT,SAMN62672106,Successfully loaded,NA,NA,Anopheles gambiae,gam_04,NA,not applicable,Field sample,11/22/23,Kenya: Alego_Usonga,legs and wings,NA,NA,NA,NA,NA,Adult,NA,NA,NA,0.1615147 N 34.1915297 E,Female,NA,NA,NA,NA,155,barcode04,an_gam,KEBCJT,45252,Alego_Usonga,C19,V1011,Kopondi,V1011-0036-E,0.1615147 34.1915297 1153.09 3.53,HLC,OUT,13
KEBFBC,SAMN62672107,Successfully loaded,NA,NA,Anopheles gambiae,gam_05,NA,not applicable,Field sample,11/19/23,Kenya: Rarieda,legs and wings,NA,NA,NA,NA,NA,Adult,NA,NA,NA,0.1255267 S 34.4105718 E,Female,NA,NA,NA,NA,156,barcode05,an_gam,KEBFBC,45249,Rarieda,C80,V0017,Kandaria,V0017-0160-01,-0.1255267 34.4105718 1206.59 3.51,HLC,IN,8
KEBEAD,SAMN62672108,Successfully loaded,NA,NA,Anopheles gambiae,gam_06,NA,not applicable,Field sample,11/20/23,Kenya: Rarieda,legs and wings,NA,NA,NA,NA,NA,Adult,NA,NA,NA,0.121212 S 34.4155478 E,Female,NA,NA,NA,NA,157,barcode06,an_gam,KEBEAD,45250,Rarieda,C80,V0017,Kandaria,V0017-0101-05,-0.121212 34.4155478 1189.59 7.81,HLC,IN,6
KEBH3W,SAMN62672109,Successfully loaded,NA,NA,Anopheles gambiae,gam_07,NA,not applicable,Field sample,11/15/23,Kenya: Alego_Usonga,legs and wings,NA,NA,NA,NA,NA,Adult,NA,NA,NA,0.0795424 N 34.2410933 E,Female,NA,NA,NA,NA,158,barcode07,an_gam,KEBH3W,45245,Alego_Usonga,C24,V0898,Adodi (A_B),V0898-0101-B,0.0795424 34.2410933 1240.76 5.95,UVLT,IN,NA
KEBF3M,SAMN62672110,Successfully loaded,NA,NA,Anopheles gambiae,gam_08,NA,not applicable,Field sample,11/19/23,Kenya: Rarieda,legs and wings,NA,NA,NA,NA,NA,Adult,NA,NA,NA,0.1255267 S 34.4105718 E,Female,NA,NA,NA,NA,159,barcode08,an_gam,KEBF3M,45249,Rarieda,C80,V0017,Kandaria,V0017-0160-01,-0.1255267 34.4105718 1206.59 3.51,HLC,IN,10
KEBBBB,SAMN62672111,Successfully loaded,NA,NA,Anopheles gambiae,gam_09,NA,not applicable,Field sample,11/22/23,Kenya: Alego_Usonga,legs and wings,NA,NA,NA,NA,NA,Adult,NA,NA,NA,0.157179 N 34.1905341 E,Female,NA,NA,NA,NA,160,barcode09,an_gam,KEBBBB,45252,Alego_Usonga,C19,V1011,Kopondi,V1011-0061-A,0.157179 34.1905341 1151.84 2.02,HLC,IN,13
KEBFLM,SAMN62672112,Successfully loaded,NA,NA,Anopheles gambiae,gam_10,NA,not applicable,Field sample,11/19/23,Kenya: Rarieda,legs and wings,NA,NA,NA,NA,NA,Adult,NA,NA,NA,0.1275309 S 34.4136483 E,Female,NA,NA,NA,NA,161,barcode10,an_gam,KEBFLM,45249,Rarieda,C80,V0017,Kandaria,V0017-0211-01,-0.1275309 34.4136483 1207.03 4.75,UVLT,IN,NA
KEBHBS,SAMN62672113,Successfully loaded,NA,NA,Anopheles gambiae,gam_11,NA,not applicable,Field sample,11/15/23,Kenya: Alego_Usonga,legs and wings,NA,NA,NA,NA,NA,Adult,NA,NA,NA,0.0822662 N 34.240128 E,Female,NA,NA,NA,NA,162,barcode11,an_gam,KEBHBS,45245,Alego_Usonga,C24,V0900,Lwanda Lang'O,V0900-0030-H,0.0822662 34.240128 1238.16 4.63,UVLT,IN,NA
KEBDBE,SAMN62672114,Successfully loaded,NA,NA,Anopheles gambiae,gam_12,NA,not applicable,Field sample,11/21/23,Kenya: Alego_Usonga,legs and wings,NA,NA,NA,NA,NA,Adult,NA,NA,NA,0.162734 N 34.1947906 E,Female,NA,NA,NA,NA,163,barcode12,an_gam,KEBDBE,45251,Alego_Usonga,C19,V1011,Kopondi,V1011-0021-A,0.162734 34.1947906 1179.04 6.52,HLC,OUT,5
KEBDLY,SAMN62672115,Successfully loaded,NA,NA,Anopheles gambiae,gam_13,NA,not applicable,Field sample,11/21/23,Kenya: Alego_Usonga,legs and wings,NA,NA,NA,NA,NA,Adult,NA,NA,NA,0.1622384 N 34.1856376 E,Female,NA,NA,NA,NA,164,barcode13,an_gam,KEBDLY,45251,Alego_Usonga,C19,V1011,Kopondi,V1011-0103-F,0.1622384 34.1856376 1156.61 4.47,UVLT,IN,NA
KEBDZW,SAMN62672116,Successfully loaded,NA,NA,Anopheles gambiae,gam_14,NA,not applicable,Field sample,11/20/23,Kenya: Rarieda,legs and wings,NA,NA,NA,NA,NA,Adult,NA,NA,NA,0.1232346 S 34.4194499 E,Female,NA,NA,NA,NA,165,barcode14,an_gam,KEBDZW,45250,Rarieda,C80,V0017,Kandaria,V0017-0128-03,-0.1232346 34.4194499 1214.81 5.58,HLC,OUT,7
KEB7FB,SAMN62672117,Successfully loaded,NA,NA,Anopheles gambiae,gam_15,NA,not applicable,Field sample,11/16/23,Kenya: Alego_Usonga,legs and wings,NA,NA,NA,NA,NA,Adult,NA,NA,NA,0.0838903 N 34.2412518 E,Female,NA,NA,NA,NA,166,barcode15,an_gam,KEB7FB,45246,Alego_Usonga,C24,V0900,Lwanda Lang'O,V0900-0037-A,0.0838903 34.2412518 1236.22 6.87,UVLT,OUT,NA
KEBDVB,SAMN62672118,Successfully loaded,NA,NA,Anopheles gambiae,gam_16,NA,not applicable,Field sample,11/20/23,Kenya: Rarieda,legs and wings,NA,NA,NA,NA,NA,Adult,NA,NA,NA,0.1220901 S 34.414999 E,Female,NA,NA,NA,NA,167,barcode16,an_gam,KEBDVB,45250,Rarieda,C80,V0017,Kandaria,V0017-0186-01,-0.1220901 34.414999 1197.25 5.41,UVLT,IN,NA
KEB7L9,SAMN62672119,Successfully loaded,NA,NA,Anopheles gambiae,gam_17,NA,not applicable,Field sample,11/16/23,Kenya: Alego_Usonga,legs and wings,NA,NA,NA,NA,NA,Adult,NA,NA,NA,0.0838903 N 34.2412518 E,Female,NA,NA,NA,NA,168,barcode17,an_gam,KEB7L9,45246,Alego_Usonga,C24,V0900,Lwanda Lang'O,V0900-0037-A,0.0838903 34.2412518 1236.22 6.87,UVLT,IN,NA
KEBH6Z,SAMN62672120,Successfully loaded,NA,NA,Anopheles gambiae,gam_18,NA,not applicable,Field sample,11/15/23,Kenya: Alego_Usonga,legs and wings,NA,NA,NA,NA,NA,Adult,NA,NA,NA,0.0803318 N 34.236119 E,Female,NA,NA,NA,NA,169,barcode18,an_gam,KEBH6Z,45245,Alego_Usonga,C24,V0898,Adodi (A_B),V0898-0014-C,0.0803318 34.236119 1204.33 3.09,HLC,IN,12
KEBCKJ,SAMN62672121,Successfully loaded,NA,NA,Anopheles gambiae,gam_19,NA,not applicable,Field sample,11/22/23,Kenya: Alego_Usonga,legs and wings,NA,NA,NA,NA,NA,Adult,NA,NA,NA,0.1627731 N 34.1945839 E,Female,NA,NA,NA,NA,170,barcode19,an_gam,KEBCKJ,45252,Alego_Usonga,C19,V1011,Kopondi,V1011-0023-A,0.1627731 34.1945839 1155.25 1.69,HLC,OUT,8
KEBD9M,SAMN62672122,Successfully loaded,NA,NA,Anopheles gambiae,gam_20,NA,not applicable,Field sample,11/21/23,Kenya: Alego_Usonga,legs and wings,NA,NA,NA,NA,NA,Adult,NA,NA,NA,0.1639563 N 34.1837163 E,Female,NA,NA,NA,NA,171,barcode20,an_gam,KEBD9M,45251,Alego_Usonga,C19,V1011,Kopondi,V1011-0102-01,0.1639563 34.1837163 1138.01 0.81,HLC,IN,7
KEB9DU,SAMN62672123,Successfully loaded,NA,NA,Anopheles gambiae,gam_21,NA,not applicable,Field sample,11/16/23,Kenya: Alego_Usonga,legs and wings,NA,NA,NA,NA,NA,Adult,NA,NA,NA,0.0838903 N 34.2412518 E,Female,NA,NA,NA,NA,172,barcode21,an_gam,KEB9DU,45246,Alego_Usonga,C24,V0900,Lwanda Lang'O,V0900-0037-A,0.0838903 34.2412518 1236.22 6.87,UVLT,OUT,NA
KEB8HG,SAMN62672124,Successfully loaded,NA,NA,Anopheles gambiae,gam_22,NA,not applicable,Field sample,11/14/23,Kenya: Alego_Usonga,legs and wings,NA,NA,NA,NA,NA,Adult,NA,NA,NA,0.1110157 N 34.2995739 E,Female,NA,NA,NA,NA,173,barcode22,an_gam,KEB8HG,45244,Alego_Usonga,C15,V1119,Kisar,V1119-0046-A,0.1110157 34.2995739 1238.8 4.39,UVLT,IN,NA
KEBCBM,SAMN62672125,Successfully loaded,NA,NA,Anopheles gambiae,gam_23,NA,not applicable,Field sample,11/22/23,Kenya: Alego_Usonga,legs and wings,NA,NA,NA,NA,NA,Adult,NA,NA,NA,0.1476578 N 34.2943841 E,Female,NA,NA,NA,NA,174,barcode23,an_gam,KEBCBM,45252,Alego_Usonga,C22,V1087,Nyadhi,V1087-0116-C,0.1476578 34.2943841 1207.53 7.36,HLC,IN,6
KEBEDJ,SAMN62672126,Successfully loaded,NA,NA,Anopheles gambiae,gam_24,NA,not applicable,Field sample,11/20/23,Kenya: Rarieda,legs and wings,NA,NA,NA,NA,NA,Adult,NA,NA,NA,0.1227009 S 34.4129045 E,Female,NA,NA,NA,NA,176,barcode25,an_gam,KEBEDJ,45250,Rarieda,C80,V0017,Kandaria,V0017-0004-01,-0.1227009 34.4129045 1211.47 1.22,UVLT,IN,NA
KEBFAJ,SAMN62672127,Successfully loaded,NA,NA,Anopheles gambiae,gam_25,NA,not applicable,Field sample,11/19/23,Kenya: Rarieda,legs and wings,NA,NA,NA,NA,NA,Adult,NA,NA,NA,0.1255267 S 34.4105718 E,Female,NA,NA,NA,NA,177,barcode26,an_gam,KEBFAJ,45249,Rarieda,C80,V0017,Kandaria,V0017-0160-01,-0.1255267 34.4105718 1206.59 3.51,HLC,IN,7
KEBEUP,SAMN62672128,Successfully loaded,NA,NA,Anopheles gambiae,gam_26,NA,not applicable,Field sample,11/19/23,Kenya: Rarieda,legs and wings,NA,NA,NA,NA,NA,Adult,NA,NA,NA,0.1255267 S 34.4105718 E,Female,NA,NA,NA,NA,178,barcode27,an_gam,KEBEUP,45249,Rarieda,C80,V0017,Kandaria,V0017-0160-01,-0.1255267 34.4105718 1206.59 3.51,HLC,IN,9
KEBEVM,SAMN62672129,Successfully loaded,NA,NA,Anopheles gambiae,gam_27,NA,not applicable,Field sample,11/19/23,Kenya: Rarieda,legs and wings,NA,NA,NA,NA,NA,Adult,NA,NA,NA,0.1255267 S 34.4105718 E,Female,NA,NA,NA,NA,179,barcode28,an_gam,KEBEVM,45249,Rarieda,C80,V0017,Kandaria,V0017-0160-01,-0.1255267 34.4105718 1206.59 3.51,HLC,IN,8
KEBFP4,SAMN62672130,Successfully loaded,NA,NA,Anopheles gambiae,gam_28,NA,not applicable,Field sample,11/19/23,Kenya: Rarieda,legs and wings,NA,NA,NA,NA,NA,Adult,NA,NA,NA,0.1255267 S 34.4105718 E,Female,NA,NA,NA,NA,180,barcode29,an_gam,KEBFP4,45249,Rarieda,C80,V0017,Kandaria,V0017-0160-01,-0.1255267 34.4105718 1206.59 3.51,HLC,IN,11
KEBEFC,SAMN62672131,Successfully loaded,NA,NA,Anopheles gambiae,gam_29,NA,not applicable,Field sample,11/20/23,Kenya: Rarieda,legs and wings,NA,NA,NA,NA,NA,Adult,NA,NA,NA,0.168272 S 34.4330713 E,Female,NA,NA,NA,NA,181,barcode30,an_gam,KEBEFC,45250,Rarieda,C4,V0008,Bwaja_Ndara,V0008-0751-01,-0.168272 34.4330713 1167.3 7.86,HLC,OUT,9
KEBGY3,SAMN62672132,Successfully loaded,NA,NA,Anopheles gambiae,gam_30,NA,not applicable,Field sample,11/16/23,Kenya: Alego_Usonga,legs and wings,NA,NA,NA,NA,NA,Adult,NA,NA,NA,0.0835817 N 34.2443873 E,Female,NA,NA,NA,NA,182,barcode31,an_gam,KEBGY3,45246,Alego_Usonga,C24,V0900,Lwanda Lang'O,V0900-0034-C,0.0835817 34.2443873 1266.69 1.23,HLC,IN,6
KEBGW6,SAMN62672133,Successfully loaded,NA,NA,Anopheles gambiae,gam_31,NA,not applicable,Field sample,11/15/23,Kenya: Alego_Usonga,legs and wings,NA,NA,NA,NA,NA,Adult,NA,NA,NA,0.0797325 N 34.2456587 E,Female,NA,NA,NA,NA,183,barcode32,an_gam,KEBGW6,45245,Alego_Usonga,C24,V0898,Adodi (A_B),V0898-0138-A,0.0797325 34.2456587 1227.16 3.8,UVLT,IN,NA
KEB8EP,SAMN62672134,Successfully loaded,NA,NA,Anopheles gambiae,gam_32,NA,not applicable,Field sample,11/13/23,Kenya: Alego_Usonga,legs and wings,NA,NA,NA,NA,NA,Adult,NA,NA,NA,0.1164661 N 34.3039069 E,Female,NA,NA,NA,NA,184,barcode33,an_gam,KEB8EP,45243,Alego_Usonga,C15,V1104,Sira Kut,V1104-0013-C,0.1164661 34.3039069 1230.54 5.49,UVLT,OUT,NA
KEBHPL,SAMN62672135,Successfully loaded,NA,NA,Anopheles gambiae,gam_33,NA,not applicable,Field sample,11/16/23,Kenya: Alego_Usonga,legs and wings,NA,NA,NA,NA,NA,Adult,NA,NA,NA,0.0835817 N 34.2443873 E,Female,NA,NA,NA,NA,185,barcode34,an_gam,KEBHPL,45246,Alego_Usonga,C24,V0900,Lwanda Lang'O,V0900-0034-C,0.0835817 34.2443873 1266.69 1.23,HLC,IN,15
KEB747,SAMN62672136,Successfully loaded,NA,NA,Anopheles gambiae,gam_34,NA,not applicable,Field sample,11/15/23,Kenya: Alego_Usonga,legs and wings,NA,NA,NA,NA,NA,Adult,NA,NA,NA,0.0817301 N 34.2493253 E,Female,NA,NA,NA,NA,186,barcode35,an_gam,KEB747,45245,Alego_Usonga,C24,V0898,Adodi (A_B),V0898-0141-01,0.0817301 34.2493253 1212.87 7.09,UVLT,OUT,NA
KEBF6S,SAMN62672137,Successfully loaded,NA,NA,Anopheles gambiae,gam_35,NA,not applicable,Field sample,11/16/23,Kenya: Alego_Usonga,legs and wings,NA,NA,NA,NA,NA,Adult,NA,NA,NA,0.0830605 N 34.2440596 E,Female,NA,NA,NA,NA,187,barcode36,an_gam,KEBF6S,45246,Alego_Usonga,C24,V0900,Lwanda Lang'O,V0900-0032-A,0.0830605 34.2440596 1230.37 5.11,UVLT,IN,NA
KEBFL9,SAMN62672138,Successfully loaded,NA,NA,Anopheles gambiae,gam_36,NA,not applicable,Field sample,11/19/23,Kenya: Rarieda,legs and wings,NA,NA,NA,NA,NA,Adult,NA,NA,NA,0.1204983 S 34.4076351 E,Female,NA,NA,NA,NA,188,barcode37,an_gam,KEBFL9,45249,Rarieda,C80,V0021,Aluru,V0021-0176-01,-0.1204983 34.4076351 1217.9 0.97,HLC,OUT,13
KEBDNS,SAMN62672139,Successfully loaded,NA,NA,Anopheles gambiae,gam_37,NA,not applicable,Field sample,11/21/23,Kenya: Alego_Usonga,legs and wings,NA,NA,NA,NA,NA,Adult,NA,NA,NA,0.1496917 N 34.287926 E,Female,NA,NA,NA,NA,189,barcode38,an_gam,KEBDNS,45251,Alego_Usonga,C22,V1086,Magwar,V1086-0056-06,0.1496917 34.287926 1192.28 6.35,UVLT,IN,NA
KEBF7O,SAMN62672140,Successfully loaded,NA,NA,Anopheles gambiae,gam_38,NA,not applicable,Field sample,11/16/23,Kenya: Alego_Usonga,legs and wings,NA,NA,NA,NA,NA,Adult,NA,NA,NA,0.0830605 N 34.2440596 E,Female,NA,NA,NA,NA,190,barcode39,an_gam,KEBF7O,45246,Alego_Usonga,C24,V0900,Lwanda Lang'O,V0900-0032-A,0.0830605 34.2440596 1230.37 5.11,UVLT,IN,NA
KEBFLS,SAMN62672141,Successfully loaded,NA,NA,Anopheles gambiae,gam_39,NA,not applicable,Field sample,11/19/23,Kenya: Rarieda,legs and wings,NA,NA,NA,NA,NA,Adult,NA,NA,NA,0.1275309 S 34.4136483 E,Female,NA,NA,NA,NA,191,barcode40,an_gam,KEBFLS,45249,Rarieda,C80,V0017,Kandaria,V0017-0211-01,-0.1275309 34.4136483 1207.03 4.75,UVLT,IN,NA
KEB7OH,SAMN62672142,Successfully loaded,NA,NA,Anopheles gambiae,gam_40,NA,not applicable,Field sample,11/16/23,Kenya: Alego_Usonga,legs and wings,NA,NA,NA,NA,NA,Adult,NA,NA,NA,0.0830605 N 34.2440596 E,Female,NA,NA,NA,NA,192,barcode41,an_gam,KEB7OH,45246,Alego_Usonga,C24,V0900,Lwanda Lang'O,V0900-0032-A,0.0830605 34.2440596 1230.37 5.11,UVLT,IN,NA
KEBF7F,SAMN62672143,Successfully loaded,NA,NA,Anopheles gambiae,gam_41,NA,not applicable,Field sample,11/16/23,Kenya: Alego_Usonga,legs and wings,NA,NA,NA,NA,NA,Adult,NA,NA,NA,0.0830605 N 34.2440596 E,Female,NA,NA,NA,NA,193,barcode42,an_gam,KEBF7F,45246,Alego_Usonga,C24,V0900,Lwanda Lang'O,V0900-0032-A,0.0830605 34.2440596 1230.37 5.11,UVLT,IN,NA
KEBE3U,SAMN62672144,Successfully loaded,NA,NA,Anopheles gambiae,gam_42,NA,not applicable,Field sample,11/20/23,Kenya: Rarieda,legs and wings,NA,NA,NA,NA,NA,Adult,NA,NA,NA,0.1231275 S 34.417045 E,Female,NA,NA,NA,NA,194,barcode43,an_gam,KEBE3U,45250,Rarieda,C80,V0017,Kandaria,V0017-0230-01,-0.1231275 34.417045 1213.48 7.34,HLC,OUT,9
KEBDZ4,SAMN62672145,Successfully loaded,NA,NA,Anopheles gambiae,gam_43,NA,not applicable,Field sample,11/20/23,Kenya: Rarieda,legs and wings,NA,NA,NA,NA,NA,Adult,NA,NA,NA,0.1232346 S 34.4194499 E,Female,NA,NA,NA,NA,195,barcode44,an_gam,KEBDZ4,45250,Rarieda,C80,V0017,Kandaria,V0017-0128-03,-0.1232346 34.4194499 1214.81 5.58,HLC,OUT,12
KEB8J9,SAMN62672146,Successfully loaded,NA,NA,Anopheles gambiae,gam_44,NA,not applicable,Field sample,11/13/23,Kenya: Alego_Usonga,legs and wings,NA,NA,NA,NA,NA,Adult,NA,NA,NA,0.1164661 N 34.3039069 E,Female,NA,NA,NA,NA,196,barcode45,an_gam,KEB8J9,45243,Alego_Usonga,C15,V1104,Sira Kut,V1104-0013-C,0.1164661 34.3039069 1230.54 5.49,UVLT,OUT,NA
KEBDYK,SAMN62672147,Successfully loaded,NA,NA,Anopheles gambiae,gam_45,NA,not applicable,Field sample,11/20/23,Kenya: Rarieda,legs and wings,NA,NA,NA,NA,NA,Adult,NA,NA,NA,0.1232346 S 34.4194499 E,Female,NA,NA,NA,NA,197,barcode46,an_gam,KEBDYK,45250,Rarieda,C80,V0017,Kandaria,V0017-0128-03,-0.1232346 34.4194499 1214.81 5.58,HLC,OUT,7
KEBEAT,SAMN62672148,Successfully loaded,NA,NA,Anopheles gambiae,gam_46,NA,not applicable,Field sample,11/20/23,Kenya: Rarieda,legs and wings,NA,NA,NA,NA,NA,Adult,NA,NA,NA,0.121212 S 34.4155478 E,Female,NA,NA,NA,NA,198,barcode47,an_gam,KEBEAT,45250,Rarieda,C80,V0017,Kandaria,V0017-0101-05,-0.121212 34.4155478 1189.59 7.81,HLC,IN,8
KEBCBO,SAMN62672149,Successfully loaded,NA,NA,Anopheles gambiae,gam_47,NA,not applicable,Field sample,11/22/23,Kenya: Alego_Usonga,legs and wings,NA,NA,NA,NA,NA,Adult,NA,NA,NA,0.1446039 N 34.2925946 E,Female,NA,NA,NA,NA,199,barcode48,an_gam,KEBCBO,45252,Alego_Usonga,C22,V1087,Nyadhi,V1087-0097-01,0.1446039 34.2925946 1204.79 6.34,UVLT,OUT,NA
KEBDGP,SAMN62672150,Successfully loaded,NA,NA,Anopheles gambiae,gam_48,NA,not applicable,Field sample,11/21/23,Kenya: Alego_Usonga,legs and wings,NA,NA,NA,NA,NA,Adult,NA,NA,NA,0.1626551 N 34.1903598 E,Female,NA,NA,NA,NA,200,barcode49,an_gam,KEBDGP,45251,Alego_Usonga,C19,V1011,Kopondi,V1011-0044-B,0.1626551 34.1903598 1158.59 7.74,HLC,OUT,7
KEB7SC,SAMN62672151,Successfully loaded,NA,NA,Anopheles gambiae,gam_49,NA,not applicable,Field sample,11/19/23,Kenya: Rarieda,legs and wings,NA,NA,NA,NA,NA,Adult,NA,NA,NA,0.1272301 S 34.4126678 E,Female,NA,NA,NA,NA,201,barcode50,an_gam,KEB7SC,45249,Rarieda,C80,V0017,Kandaria,V0017-0074-07,-0.1272301 34.4126678 1204.27 7.64,HLC,IN,11
KEBGUZ,SAMN62672152,Successfully loaded,NA,NA,Anopheles gambiae,gam_50,NA,not applicable,Field sample,11/15/23,Kenya: Alego_Usonga,legs and wings,NA,NA,NA,NA,NA,Adult,NA,NA,NA,0.0822662 N 34.240128 E,Female,NA,NA,NA,NA,202,barcode51,an_gam,KEBGUZ,45245,Alego_Usonga,C24,V0900,Lwanda Lang'O,V0900-0030-H,0.0822662 34.240128 1238.16 4.63,UVLT,IN,NA
KEBC8M,SAMN62672153,Successfully loaded,NA,NA,Anopheles gambiae,gam_51,NA,not applicable,Field sample,11/22/23,Kenya: Alego_Usonga,legs and wings,NA,NA,NA,NA,NA,Adult,NA,NA,NA,0.1615147 N 34.1915297 E,Female,NA,NA,NA,NA,203,barcode52,an_gam,KEBC8M,45252,Alego_Usonga,C19,V1011,Kopondi,V1011-0036-E,0.1615147 34.1915297 1153.09 3.53,HLC,IN,9
KEBH7U,SAMN62672154,Successfully loaded,NA,NA,Anopheles gambiae,gam_52,NA,not applicable,Field sample,11/15/23,Kenya: Alego_Usonga,legs and wings,NA,NA,NA,NA,NA,Adult,NA,NA,NA,0.0950146 N 34.1254621 E,Female,NA,NA,NA,NA,204,barcode53,an_gam,KEBH7U,45245,Alego_Usonga,C35,V0974,Mahero/Waliera,V0974-0020-F,0.0950146 34.1254621 1141.86 3.8,UVLT,IN,NA
KEBCIS,SAMN62672155,Successfully loaded,NA,NA,Anopheles gambiae,gam_53,NA,not applicable,Field sample,11/22/23,Kenya: Alego_Usonga,legs and wings,NA,NA,NA,NA,NA,Adult,NA,NA,NA,0.1627731 N 34.1945839 E,Female,NA,NA,NA,NA,205,barcode54,an_gam,KEBCIS,45252,Alego_Usonga,C19,V1011,Kopondi,V1011-0023-A,0.1627731 34.1945839 1155.25 1.69,HLC,OUT,10
KEBCPY,SAMN62672156,Successfully loaded,NA,NA,Anopheles gambiae,gam_54,NA,not applicable,Field sample,11/21/23,Kenya: Alego_Usonga,legs and wings,NA,NA,NA,NA,NA,Adult,NA,NA,NA,0.1516147 N 34.2872447 E,Female,NA,NA,NA,NA,206,barcode55,an_gam,KEBCPY,45251,Alego_Usonga,C22,V1086,Magwar,V1086-0065-A,0.1516147 34.2872447 1182.22 6.26,UVLT,IN,NA
KEBCFV,SAMN62672157,Successfully loaded,NA,NA,Anopheles gambiae,gam_55,NA,not applicable,Field sample,11/22/23,Kenya: Alego_Usonga,legs and wings,NA,NA,NA,NA,NA,Adult,NA,NA,NA,0.1607517 N 34.1930251 E,Female,NA,NA,NA,NA,207,barcode56,an_gam,KEBCFV,45252,Alego_Usonga,C19,V1011,Kopondi,V1011-0026-A,0.1607517 34.1930251 1168.43 4.28,UVLT,IN,NA
KEBEOF,SAMN62672158,Successfully loaded,NA,NA,Anopheles gambiae,gam_56,NA,not applicable,Field sample,11/19/23,Kenya: Rarieda,legs and wings,NA,NA,NA,NA,NA,Adult,NA,NA,NA,0.1255267 S 34.4105718 E,Female,NA,NA,NA,NA,208,barcode57,an_gam,KEBEOF,45249,Rarieda,C80,V0017,Kandaria,V0017-0160-01,-0.1255267 34.4105718 1206.59 3.51,HLC,OUT,13
KEBDRA,SAMN62672159,Successfully loaded,NA,NA,Anopheles gambiae,gam_57,NA,not applicable,Field sample,11/20/23,Kenya: Rarieda,legs and wings,NA,NA,NA,NA,NA,Adult,NA,NA,NA,0.1693952 S 34.4360363 E,Female,NA,NA,NA,NA,209,barcode58,an_gam,KEBDRA,45250,Rarieda,C4,V0008,Bwaja_Ndara,V0008-0671-01,-0.1693952 34.4360363 1162.89 7.12,HLC,IN,10
KEBCLJ,SAMN62672160,Successfully loaded,NA,NA,Anopheles gambiae,gam_58,NA,not applicable,Field sample,11/22/23,Kenya: Alego_Usonga,legs and wings,NA,NA,NA,NA,NA,Adult,NA,NA,NA,0.157179 N 34.1905341 E,Female,NA,NA,NA,NA,210,barcode59,an_gam,KEBCLJ,45252,Alego_Usonga,C19,V1011,Kopondi,V1011-0061-A,0.157179 34.1905341 1151.84 2.02,HLC,IN,6
KEBEBC,SAMN62672161,Successfully loaded,NA,NA,Anopheles gambiae,gam_59,NA,not applicable,Field sample,11/21/23,Kenya: Alego_Usonga,legs and wings,NA,NA,NA,NA,NA,Adult,NA,NA,NA,0.1507302 N 34.2866378 E,Female,NA,NA,NA,NA,211,barcode60,an_gam,KEBEBC,45251,Alego_Usonga,C22,V1086,Magwar,V1086-0064-A,0.1507302 34.2866378 1192.89 7.26,HLC,OUT,10
KEBDXQ,SAMN62672162,Successfully loaded,NA,NA,Anopheles gambiae,gam_60,NA,not applicable,Field sample,11/22/23,Kenya: Alego_Usonga,legs and wings,NA,NA,NA,NA,NA,Adult,NA,NA,NA,0.1618483 N 34.1946884 E,Female,NA,NA,NA,NA,212,barcode61,an_gam,KEBDXQ,45252,Alego_Usonga,C19,V1011,Kopondi,V1011-0020-C,0.1618483 34.1946884 1156.11 4.17,UVLT,IN,NA
KEBH99,SAMN62672163,Successfully loaded,NA,NA,Anopheles gambiae,gam_61,NA,not applicable,Field sample,11/15/23,Kenya: Alego_Usonga,legs and wings,NA,NA,NA,NA,NA,Adult,NA,NA,NA,0.0950146 N 34.1254621 E,Female,NA,NA,NA,NA,213,barcode62,an_gam,KEBH99,45245,Alego_Usonga,C35,V0974,Mahero/Waliera,V0974-0020-F,0.0950146 34.1254621 1141.86 3.8,UVLT,OUT,NA
KEBEBY,SAMN62672164,Successfully loaded,NA,NA,Anopheles gambiae,gam_62,NA,not applicable,Field sample,11/20/23,Kenya: Rarieda,legs and wings,NA,NA,NA,NA,NA,Adult,NA,NA,NA,0.1238013 S 34.4155011 E,Female,NA,NA,NA,NA,214,barcode63,an_gam,KEBEBY,45250,Rarieda,C80,V0017,Kandaria,V0017-0012-01,-0.1238013 34.4155011 1220.38 3.79,HLC,IN,5
KEBCMQ,SAMN62672165,Successfully loaded,NA,NA,Anopheles gambiae,gam_63,NA,not applicable,Field sample,11/22/23,Kenya: Alego_Usonga,legs and wings,NA,NA,NA,NA,NA,Adult,NA,NA,NA,0.157179 N 34.1905341 E,Female,NA,NA,NA,NA,215,barcode64,an_gam,KEBCMQ,45252,Alego_Usonga,C19,V1011,Kopondi,V1011-0061-A,0.157179 34.1905341 1151.84 2.02,HLC,IN,5
KEB6T7,SAMN62672166,Successfully loaded,NA,NA,Anopheles gambiae,gam_64,NA,not applicable,Field sample,11/15/23,Kenya: Alego_Usonga,legs and wings,NA,NA,NA,NA,NA,Adult,NA,NA,NA,0.079561 N 34.2463679 E,Female,NA,NA,NA,NA,216,barcode65,an_gam,KEB6T7,45245,Alego_Usonga,C24,V0898,Adodi (A_B),V0898-0137-01,0.079561 34.2463679 1222.21 7.5,HLC,OUT,13
KEB7Y3,SAMN62672167,Successfully loaded,NA,NA,Anopheles gambiae,gam_65,NA,not applicable,Field sample,11/13/23,Kenya: Alego_Usonga,legs and wings,NA,NA,NA,NA,NA,Adult,NA,NA,NA,0.1240116 N 34.3000022 E,Female,NA,NA,NA,NA,217,barcode66,an_gam,KEB7Y3,45243,Alego_Usonga,C15,V1103,Alara,V1103-0030-A,0.1240116 34.3000022 1229.36 3.88,UVLT,IN,NA
KEB9M3,SAMN62672168,Successfully loaded,NA,NA,Anopheles gambiae,gam_66,NA,not applicable,Field sample,11/16/23,Kenya: Alego_Usonga,legs and wings,NA,NA,NA,NA,NA,Adult,NA,NA,NA,0.0838903 N 34.2412518 E,Female,NA,NA,NA,NA,218,barcode67,an_gam,KEB9M3,45246,Alego_Usonga,C24,V0900,Lwanda Lang'O,V0900-0037-A,0.0838903 34.2412518 1236.22 6.87,UVLT,IN,NA
KEBGYD,SAMN62672169,Successfully loaded,NA,NA,Anopheles gambiae,gam_67,NA,not applicable,Field sample,11/15/23,Kenya: Alego_Usonga,legs and wings,NA,NA,NA,NA,NA,Adult,NA,NA,NA,0.0797325 N 34.2456587 E,Female,NA,NA,NA,NA,219,barcode68,an_gam,KEBGYD,45245,Alego_Usonga,C24,V0898,Adodi (A_B),V0898-0138-A,0.0797325 34.2456587 1227.16 3.8,UVLT,IN,NA
KEBCSC,SAMN62672170,Successfully loaded,NA,NA,Anopheles gambiae,gam_68,NA,not applicable,Field sample,11/21/23,Kenya: Alego_Usonga,legs and wings,NA,NA,NA,NA,NA,Adult,NA,NA,NA,0.1496917 N 34.287926 E,Female,NA,NA,NA,NA,220,barcode69,an_gam,KEBCSC,45251,Alego_Usonga,C22,V1086,Magwar,V1086-0056-06,0.1496917 34.287926 1192.28 6.35,UVLT,IN,NA
KEAQI4,SAMN62672171,Successfully loaded,NA,NA,Anopheles arabiensis,ara_01,NA,not applicable,Field sample,4/24/23,Kenya: Alego_Usonga,legs and wings,NA,NA,NA,NA,NA,Adult,NA,NA,NA,0.0969783 N 34.1187552 E,Female,NA,NA,NA,NA,222,barcode01,metadata_jul2024,KEAQI4,45040,Alego_Usonga,C35,V0972,Nyadheho/Uyingi B,V0972-0012-A,0.0969783 34.1187552 1123.09 7.64,HLC,OUT,4
KEAPWW,SAMN62672172,Successfully loaded,NA,NA,Anopheles arabiensis,ara_02,NA,not applicable,Field sample,4/13/23,Kenya: Rarieda,legs and wings,NA,NA,NA,NA,NA,Adult,NA,NA,NA,0.2534707 S 34.2645102 E,Female,NA,NA,NA,NA,223,barcode02,metadata_jul2024,KEAPWW,45029,Rarieda,C76,V2173,Wang' Apala 'A',V2173-0029-01,-0.2534707 34.2645102 1141.61 4.56,UVLT,IN,NA
KEAOWI,SAMN62672173,Successfully loaded,NA,NA,Anopheles arabiensis,ara_03,NA,not applicable,Field sample,4/19/23,Kenya: Rarieda,legs and wings,NA,NA,NA,NA,NA,Adult,NA,NA,NA,0.1599633 S 34.4329841 E,Female,NA,NA,NA,NA,224,barcode03,metadata_jul2024,KEAOWI,45035,Rarieda,C4,V0008,Bwaja_Ndara,V0008-0432-02,-0.1599633 34.4329841 1131.3 5.61,UVLT,IN,NA
KEAORQ,SAMN62672174,Successfully loaded,NA,NA,Anopheles arabiensis,ara_04,NA,not applicable,Field sample,4/18/23,Kenya: Alego_Usonga,legs and wings,NA,NA,NA,NA,NA,Adult,NA,NA,NA,0.082399 N 34.132733 E,Female,NA,NA,NA,NA,225,barcode04,metadata_jul2024,KEAORQ,45034,Alego_Usonga,C34,V0932,Sirinde,V0932-0050-A,0.082399 34.132733 1144.5 4.72,UVLT,IN,NA
KEAORZ,SAMN62672175,Successfully loaded,NA,NA,Anopheles arabiensis,ara_05,NA,not applicable,Field sample,4/11/23,Kenya: Alego_Usonga,legs and wings,NA,NA,NA,NA,NA,Adult,NA,NA,NA,0.1628327 N 34.182156 E,Female,NA,NA,NA,NA,226,barcode05,metadata_jul2024,KEAORZ,45027,Alego_Usonga,C19,V1011,Kopondi,V1011-0112-A,0.1628327 34.182156 1143.34 5.78,UVLT,IN,NA
KEAQDB,SAMN62672176,Successfully loaded,NA,NA,Anopheles arabiensis,ara_06,NA,not applicable,Field sample,4/10/23,Kenya: Alego_Usonga,legs and wings,NA,NA,NA,NA,NA,Adult,NA,NA,NA,0.1625556 N 34.1934957 E,Female,NA,NA,NA,NA,227,barcode06,metadata_jul2024,KEAQDB,45026,Alego_Usonga,C19,V1011,Kopondi,V1011-0025-A,0.1625556 34.1934957 1184.23 5.32,HLC,IN,6
KEAGVD,SAMN62672177,Successfully loaded,NA,NA,Anopheles arabiensis,ara_07,NA,not applicable,Field sample,4/26/23,Kenya: Rarieda,legs and wings,NA,NA,NA,NA,NA,Adult,NA,NA,NA,0.3483398 S 34.3373494 E,Female,NA,NA,NA,NA,228,barcode07,metadata_jul2024,KEAGVD,45042,Rarieda,C48,V2090,Agok Got A,V2090-0044-01,-0.3483398 34.3373494 1138.48 5.4,UVLT,IN,NA
KEAP7U,SAMN62672178,Successfully loaded,NA,NA,Anopheles arabiensis,ara_08,NA,not applicable,Field sample,4/17/23,Kenya: Alego_Usonga,legs and wings,NA,NA,NA,NA,NA,Adult,NA,NA,NA,0.082606 N 34.130396 E,Female,NA,NA,NA,NA,230,barcode09,metadata_jul2024,KEAP7U,45033,Alego_Usonga,C34,V0932,Sirinde,V0932-0043-A,0.082606 34.130396 1146.16 5.86,HLC,IN,10
KEANTM,SAMN62672179,Successfully loaded,NA,NA,Anopheles arabiensis,ara_09,NA,not applicable,Field sample,4/20/23,Kenya: Rarieda,legs and wings,NA,NA,NA,NA,NA,Adult,NA,NA,NA,0.1670748 S 34.4343768 E,Female,NA,NA,NA,NA,231,barcode10,metadata_jul2024,KEANTM,45036,Rarieda,C4,V0008,Bwaja_Ndara,V0008-0810-01,-0.1670748 34.4343768 1165.36 4.38,UVLT,IN,NA
KEAPED,SAMN62672180,Successfully loaded,NA,NA,Anopheles arabiensis,ara_10,NA,not applicable,Field sample,4/18/23,Kenya: Alego_Usonga,legs and wings,NA,NA,NA,NA,NA,Adult,NA,NA,NA,0.082399 N 34.132733 E,Female,NA,NA,NA,NA,232,barcode11,metadata_jul2024,KEAPED,45034,Alego_Usonga,C34,V0932,Sirinde,V0932-0050-A,0.082399 34.132733 1144.5 4.72,UVLT,OUT,NA
KEAPRU,SAMN62672181,Successfully loaded,NA,NA,Anopheles arabiensis,ara_11,NA,not applicable,Field sample,4/12/23,Kenya: Rarieda,legs and wings,NA,NA,NA,NA,NA,Adult,NA,NA,NA,0.250718 S 34.2707044 E,Female,NA,NA,NA,NA,233,barcode12,metadata_jul2024,KEAPRU,45028,Rarieda,C76,V2172,Manyuanda,V2172-0008-01,-0.250718 34.2707044 1184.67 5.7,UVLT,OUT,NA
KEAGTR,SAMN62672182,Successfully loaded,NA,NA,Anopheles arabiensis,ara_12,NA,not applicable,Field sample,4/26/23,Kenya: Rarieda,legs and wings,NA,NA,NA,NA,NA,Adult,NA,NA,NA,0.3480569 S 34.3382183 E,Female,NA,NA,NA,NA,234,barcode13,metadata_jul2024,KEAGTR,45042,Rarieda,C48,V2090,Agok Got A,V2090-0043-01,-0.3480569 34.3382183 1168.69 7.37,HLC,IN,5
KEANFS,SAMN62672183,Successfully loaded,NA,NA,Anopheles arabiensis,ara_13,NA,not applicable,Field sample,4/25/23,Kenya: Alego_Usonga,legs and wings,NA,NA,NA,NA,NA,Adult,NA,NA,NA,0.0914542 N 34.1171558 E,Female,NA,NA,NA,NA,235,barcode14,metadata_jul2024,KEANFS,45041,Alego_Usonga,C35,V0972,Nyadheho/Uyingi B,V0972-0047-C,0.0914542 34.1171558 1115.08 5.68,HLC,IN,7
KEAPX9,SAMN62672184,Successfully loaded,NA,NA,Anopheles arabiensis,ara_14,NA,not applicable,Field sample,4/13/23,Kenya: Rarieda,legs and wings,NA,NA,NA,NA,NA,Adult,NA,NA,NA,0.2534707 S 34.2645102 E,Female,NA,NA,NA,NA,236,barcode15,metadata_jul2024,KEAPX9,45029,Rarieda,C76,V2173,Wang' Apala 'A',V2173-0029-01,-0.2534707 34.2645102 1141.61 4.56,UVLT,IN,NA
KEAPU7,SAMN62672185,Successfully loaded,NA,NA,Anopheles arabiensis,ara_15,NA,not applicable,Field sample,4/19/23,Kenya: Rarieda,legs and wings,NA,NA,NA,NA,NA,Adult,NA,NA,NA,0.1636724 S 34.4297649 E,Female,NA,NA,NA,NA,237,barcode16,metadata_jul2024,KEAPU7,45035,Rarieda,C4,V0008,Bwaja_Ndara,V0008-0292-01,-0.1636724 34.4297649 1131.04 4.39,UVLT,IN,NA
KEAMWO,SAMN62672186,Successfully loaded,NA,NA,Anopheles arabiensis,ara_16,NA,not applicable,Field sample,4/25/23,Kenya: Alego_Usonga,legs and wings,NA,NA,NA,NA,NA,Adult,NA,NA,NA,0.0923265 N 34.115992 E,Female,NA,NA,NA,NA,238,barcode17,metadata_jul2024,KEAMWO,45041,Alego_Usonga,C35,V0972,Nyadheho/Uyingi B,V0972-0051-A,0.0923265 34.115992 1127.45 6.51,UVLT,OUT,NA
KEAGO6,SAMN62672187,Successfully loaded,NA,NA,Anopheles arabiensis,ara_17,NA,not applicable,Field sample,4/26/23,Kenya: Rarieda,legs and wings,NA,NA,NA,NA,NA,Adult,NA,NA,NA,0.3524666 S 34.3418464 E,Female,NA,NA,NA,NA,239,barcode18,metadata_jul2024,KEAGO6,45042,Rarieda,C48,V2090,Agok Got A,V2090-0033-A,-0.3524666 34.3418464 1135.45 5.37,HLC,IN,8
KEAR3P,SAMN62672188,Successfully loaded,NA,NA,Anopheles arabiensis,ara_18,NA,not applicable,Field sample,4/3/23,Kenya: Alego_Usonga,legs and wings,NA,NA,NA,NA,NA,Adult,NA,NA,NA,0.0728883 N 34.18396 E,Female,NA,NA,NA,NA,240,barcode19,metadata_jul2024,KEAR3P,45019,Alego_Usonga,C38,V0914,Bur-Gangu,V0914-0030-C,0.0728883 34.18396 1148.2 4.56,UVLT,IN,NA
KEAOFK,SAMN62672189,Successfully loaded,NA,NA,Anopheles arabiensis,ara_19,NA,not applicable,Field sample,4/11/23,Kenya: Alego_Usonga,legs and wings,NA,NA,NA,NA,NA,Adult,NA,NA,NA,0.0849753 N 34.2413031 E,Female,NA,NA,NA,NA,241,barcode20,metadata_jul2024,KEAOFK,45027,Alego_Usonga,C24,V0900,Lwanda Lang'O,V0900-0049-D,0.0849753 34.2413031 1223.52 7.94,UVLT,OUT,NA
KEANAT,SAMN62672190,Successfully loaded,NA,NA,Anopheles arabiensis,ara_20,NA,not applicable,Field sample,4/25/23,Kenya: Alego_Usonga,legs and wings,NA,NA,NA,NA,NA,Adult,NA,NA,NA,0.0923265 N 34.115992 E,Female,NA,NA,NA,NA,242,barcode21,metadata_jul2024,KEANAT,45041,Alego_Usonga,C35,V0972,Nyadheho/Uyingi B,V0972-0051-A,0.0923265 34.115992 1127.45 6.51,UVLT,IN,NA
KEAPYI,SAMN62672191,Successfully loaded,NA,NA,Anopheles arabiensis,ara_21,NA,not applicable,Field sample,4/13/23,Kenya: Rarieda,legs and wings,NA,NA,NA,NA,NA,Adult,NA,NA,NA,0.2534707 S 34.2645102 E,Female,NA,NA,NA,NA,243,barcode22,metadata_jul2024,KEAPYI,45029,Rarieda,C76,V2173,Wang' Apala 'A',V2173-0029-01,-0.2534707 34.2645102 1141.61 4.56,UVLT,IN,NA
KEAQDN,SAMN62672192,Successfully loaded,NA,NA,Anopheles arabiensis,ara_22,NA,not applicable,Field sample,4/10/23,Kenya: Alego_Usonga,legs and wings,NA,NA,NA,NA,NA,Adult,NA,NA,NA,0.0801348 N 34.2407355 E,Female,NA,NA,NA,NA,245,barcode24,metadata_jul2024,KEAQDN,45026,Alego_Usonga,C24,V0898,Adodi (A_B),V0898-0099-01,0.0801348 34.2407355 1225.99 1.13,HLC,OUT,11
KEAGVF,SAMN62672193,Successfully loaded,NA,NA,Anopheles arabiensis,ara_23,NA,not applicable,Field sample,4/27/23,Kenya: Rarieda,legs and wings,NA,NA,NA,NA,NA,Adult,NA,NA,NA,0.3503846 S 34.3334201 E,Female,NA,NA,NA,NA,246,barcode25,metadata_jul2024,KEAGVF,45043,Rarieda,C48,V2091,Agok Got B,V2091-0021-01,-0.3503846 34.3334201 1184.46 1.52,UVLT,IN,NA
KEANZC,SAMN62672194,Successfully loaded,NA,NA,Anopheles arabiensis,ara_24,NA,not applicable,Field sample,4/24/23,Kenya: Alego_Usonga,legs and wings,NA,NA,NA,NA,NA,Adult,NA,NA,NA,0.146418 N 34.2893876 E,Female,NA,NA,NA,NA,247,barcode26,metadata_jul2024,KEANZC,45040,Alego_Usonga,C22,V1087,Nyadhi,V1087-0084-A,0.146418 34.2893876 1192.47 6.2,UVLT,IN,NA
KEAMZH,SAMN62672195,Successfully loaded,NA,NA,Anopheles arabiensis,ara_25,NA,not applicable,Field sample,4/25/23,Kenya: Alego_Usonga,legs and wings,NA,NA,NA,NA,NA,Adult,NA,NA,NA,0.0923265 N 34.115992 E,Female,NA,NA,NA,NA,248,barcode27,metadata_jul2024,KEAMZH,45041,Alego_Usonga,C35,V0972,Nyadheho/Uyingi B,V0972-0051-A,0.0923265 34.115992 1127.45 6.51,UVLT,IN,NA
KEANLS,SAMN62672196,Successfully loaded,NA,NA,Anopheles arabiensis,ara_26,NA,not applicable,Field sample,4/20/23,Kenya: Rarieda,legs and wings,NA,NA,NA,NA,NA,Adult,NA,NA,NA,0.1670748 S 34.4343768 E,Female,NA,NA,NA,NA,249,barcode28,metadata_jul2024,KEANLS,45036,Rarieda,C4,V0008,Bwaja_Ndara,V0008-0810-01,-0.1670748 34.4343768 1165.36 4.38,UVLT,IN,NA
KEAPAP,SAMN62672197,Successfully loaded,NA,NA,Anopheles arabiensis,ara_27,NA,not applicable,Field sample,4/11/23,Kenya: Alego_Usonga,legs and wings,NA,NA,NA,NA,NA,Adult,NA,NA,NA,0.0830898 N 34.2441059 E,Female,NA,NA,NA,NA,250,barcode29,metadata_jul2024,KEAPAP,45027,Alego_Usonga,C24,V0900,Lwanda Lang'O,V0900-0032-A,0.0830898 34.2441059 1248.06 6.23,UVLT,OUT,NA
KEAP3Z,SAMN62672198,Successfully loaded,NA,NA,Anopheles arabiensis,ara_28,NA,not applicable,Field sample,4/13/23,Kenya: Rarieda,legs and wings,NA,NA,NA,NA,NA,Adult,NA,NA,NA,0.2467785 S 34.2706302 E,Female,NA,NA,NA,NA,251,barcode30,metadata_jul2024,KEAP3Z,45029,Rarieda,C76,V2174,Wang' Apala 'B',V2174-0018-01,-0.2467785 34.2706302 1156.8 7.07,HLC,IN,4
KEANPQ,SAMN62672199,Successfully loaded,NA,NA,Anopheles arabiensis,ara_29,NA,not applicable,Field sample,4/24/23,Kenya: Alego_Usonga,legs and wings,NA,NA,NA,NA,NA,Adult,NA,NA,NA,0.0967963 N 34.1178759 E,Female,NA,NA,NA,NA,253,barcode32,metadata_jul2024,KEANPQ,45040,Alego_Usonga,C35,V0972,Nyadheho/Uyingi B,V0972-0011-06,0.0967963 34.1178759 1112.2 7.14,UVLT,IN,NA
KEANCK,SAMN62672200,Successfully loaded,NA,NA,Anopheles arabiensis,ara_30,NA,not applicable,Field sample,4/25/23,Kenya: Alego_Usonga,legs and wings,NA,NA,NA,NA,NA,Adult,NA,NA,NA,0.0923265 N 34.115992 E,Female,NA,NA,NA,NA,254,barcode33,metadata_jul2024,KEANCK,45041,Alego_Usonga,C35,V0972,Nyadheho/Uyingi B,V0972-0051-A,0.0923265 34.115992 1127.45 6.51,UVLT,IN,NA
KEANSE,SAMN62672201,Successfully loaded,NA,NA,Anopheles arabiensis,ara_31,NA,not applicable,Field sample,4/24/23,Kenya: Alego_Usonga,legs and wings,NA,NA,NA,NA,NA,Adult,NA,NA,NA,0.0967963 N 34.1178759 E,Female,NA,NA,NA,NA,255,barcode34,metadata_jul2024,KEANSE,45040,Alego_Usonga,C35,V0972,Nyadheho/Uyingi B,V0972-0011-06,0.0967963 34.1178759 1112.2 7.14,UVLT,IN,NA
KEAOX6,SAMN62672202,Successfully loaded,NA,NA,Anopheles arabiensis,ara_32,NA,not applicable,Field sample,4/19/23,Kenya: Rarieda,legs and wings,NA,NA,NA,NA,NA,Adult,NA,NA,NA,0.1647022 S 34.4287522 E,Female,NA,NA,NA,NA,256,barcode35,metadata_jul2024,KEAOX6,45035,Rarieda,C4,V0008,Bwaja_Ndara,V0008-0249-01,-0.1647022 34.4287522 1134.81 3.79,HLC,IN,13
KEAP87,SAMN62672203,Successfully loaded,NA,NA,Anopheles arabiensis,ara_33,NA,not applicable,Field sample,4/26/23,Kenya: Rarieda,legs and wings,NA,NA,NA,NA,NA,Adult,NA,NA,NA,0.3508047 S 34.3377406 E,Female,NA,NA,NA,NA,257,barcode36,metadata_jul2024,KEAP87,45042,Rarieda,C48,V2090,Agok Got A,V2090-0064-A,-0.3508047 34.3377406 1136.87 5.56,HLC,IN,6
KEAMYV,SAMN62672204,Successfully loaded,NA,NA,Anopheles arabiensis,ara_34,NA,not applicable,Field sample,4/25/23,Kenya: Alego_Usonga,legs and wings,NA,NA,NA,NA,NA,Adult,NA,NA,NA,0.0927774 N 34.1176619 E,Female,NA,NA,NA,NA,258,barcode37,metadata_jul2024,KEAMYV,45041,Alego_Usonga,C35,V0972,Nyadheho/Uyingi B,V0972-0042-E,0.0927774 34.1176619 1134.63 6.47,UVLT,IN,NA
KEAN4B,SAMN62672205,Successfully loaded,NA,NA,Anopheles arabiensis,ara_35,NA,not applicable,Field sample,4/25/23,Kenya: Alego_Usonga,legs and wings,NA,NA,NA,NA,NA,Adult,NA,NA,NA,0.0927774 N 34.1176619 E,Female,NA,NA,NA,NA,259,barcode38,metadata_jul2024,KEAN4B,45041,Alego_Usonga,C35,V0972,Nyadheho/Uyingi B,V0972-0042-E,0.0927774 34.1176619 1134.63 6.47,UVLT,OUT,NA
KEAPP9,SAMN62672206,Successfully loaded,NA,NA,Anopheles arabiensis,ara_36,NA,not applicable,Field sample,4/17/23,Kenya: Alego_Usonga,legs and wings,NA,NA,NA,NA,NA,Adult,NA,NA,NA,0.081459 N 34.1309616 E,Female,NA,NA,NA,NA,260,barcode39,metadata_jul2024,KEAPP9,45033,Alego_Usonga,C34,V0932,Sirinde,V0932-0044-A,0.081459 34.1309616 1130.51 4.16,UVLT,IN,NA
KEAPAW,SAMN62672207,Successfully loaded,NA,NA,Anopheles arabiensis,ara_37,NA,not applicable,Field sample,4/11/23,Kenya: Alego_Usonga,legs and wings,NA,NA,NA,NA,NA,Adult,NA,NA,NA,0.0830898 N 34.2441059 E,Female,NA,NA,NA,NA,261,barcode40,metadata_jul2024,KEAPAW,45027,Alego_Usonga,C24,V0900,Lwanda Lang'O,V0900-0032-A,0.0830898 34.2441059 1248.06 6.23,UVLT,OUT,NA
KEAPLJ,SAMN62672208,Successfully loaded,NA,NA,Anopheles arabiensis,ara_38,NA,not applicable,Field sample,4/24/23,Kenya: Alego_Usonga,legs and wings,NA,NA,NA,NA,NA,Adult,NA,NA,NA,0.1523074 N 34.2849751 E,Female,NA,NA,NA,NA,262,barcode41,metadata_jul2024,KEAPLJ,45040,Alego_Usonga,C22,V1086,Magwar,V1086-0075-A,0.1523074 34.2849751 1177.05 3.89,UVLT,IN,NA
KEANOB,SAMN62672209,Successfully loaded,NA,NA,Anopheles arabiensis,ara_39,NA,not applicable,Field sample,4/20/23,Kenya: Rarieda,legs and wings,NA,NA,NA,NA,NA,Adult,NA,NA,NA,0.122179 S 34.4196662 E,Female,NA,NA,NA,NA,263,barcode42,metadata_jul2024,KEANOB,45036,Rarieda,C80,V0017,Kandaria,V0017-0137-05,-0.122179 34.4196662 1196.25 6.06,HLC,IN,11
KEAQAZ,SAMN62672210,Successfully loaded,NA,NA,Anopheles arabiensis,ara_40,NA,not applicable,Field sample,4/13/23,Kenya: Rarieda,legs and wings,NA,NA,NA,NA,NA,Adult,NA,NA,NA,0.2472804 S 34.2698284 E,Female,NA,NA,NA,NA,264,barcode43,metadata_jul2024,KEAQAZ,45029,Rarieda,C76,V2174,Wang' Apala 'B',V2174-0044-01,-0.2472804 34.2698284 1164.48 4.48,UVLT,IN,NA
KEAPBD,SAMN62672211,Successfully loaded,NA,NA,Anopheles arabiensis,ara_41,NA,not applicable,Field sample,4/13/23,Kenya: Rarieda,legs and wings,NA,NA,NA,NA,NA,Adult,NA,NA,NA,0.2509859 S 34.2669833 E,Female,NA,NA,NA,NA,265,barcode44,metadata_jul2024,KEAPBD,45029,Rarieda,C76,V2173,Wang' Apala 'A',V2173-0003-01,-0.2509859 34.2669833 1157.62 4.15,UVLT,OUT,NA
KEAGWP,SAMN62672212,Successfully loaded,NA,NA,Anopheles arabiensis,ara_42,NA,not applicable,Field sample,4/26/23,Kenya: Rarieda,legs and wings,NA,NA,NA,NA,NA,Adult,NA,NA,NA,0.3480569 S 34.3382183 E,Female,NA,NA,NA,NA,266,barcode45,metadata_jul2024,KEAGWP,45042,Rarieda,C48,V2090,Agok Got A,V2090-0043-01,-0.3480569 34.3382183 1168.69 7.37,HLC,OUT,7
KEANLP,SAMN62672213,Successfully loaded,NA,NA,Anopheles arabiensis,ara_43,NA,not applicable,Field sample,4/26/23,Kenya: Rarieda,legs and wings,NA,NA,NA,NA,NA,Adult,NA,NA,NA,0.3524666 S 34.3418464 E,Female,NA,NA,NA,NA,267,barcode46,metadata_jul2024,KEANLP,45042,Rarieda,C48,V2090,Agok Got A,V2090-0033-A,-0.3524666 34.3418464 1135.45 5.37,HLC,IN,8
KEAPCB,SAMN62672214,Successfully loaded,NA,NA,Anopheles arabiensis,ara_44,NA,not applicable,Field sample,4/17/23,Kenya: Alego_Usonga,legs and wings,NA,NA,NA,NA,NA,Adult,NA,NA,NA,0.084329 N 34.1338381 E,Female,NA,NA,NA,NA,268,barcode47,metadata_jul2024,KEAPCB,45033,Alego_Usonga,C34,V0933,Miyare,V0933-0055-A,0.084329 34.1338381 1154.52 4.31,UVLT,OUT,NA
KECDNJ,SAMN62672215,Successfully loaded,NA,NA,Anopheles stephensi,ste_01,NA,NA,Field sample,7/15/05,Kenya: Wajir,whole,NA,NA,NA,NA,NA,Larvae,NA,NA,NA,missing,Female,NA,NA,NA,NA,NA,NA,NA,NA,NA,NA,NA,NA,NA,NA,NA,Larval collection using dippers,NA,NA
KECDNI,SAMN62672216,Successfully loaded,NA,NA,Anopheles stephensi,ste_02,NA,NA,Field sample,7/15/05,Kenya: Wajir,whole,NA,NA,NA,NA,NA,Larvae,NA,NA,NA,missing,Female,NA,NA,NA,NA,NA,NA,NA,NA,NA,NA,NA,NA,NA,NA,NA,Larval collection using dippers,NA,NA
KECDNG,SAMN62672217,Successfully loaded,NA,NA,Anopheles stephensi,ste_03,NA,NA,Field sample,7/15/05,Kenya: Wajir,whole,NA,NA,NA,NA,NA,Larvae,NA,NA,NA,missing,Female,NA,NA,NA,NA,NA,NA,NA,NA,NA,NA,NA,NA,NA,NA,NA,Larval collection using dippers,NA,NA
KECDNE,SAMN62672218,Successfully loaded,NA,NA,Anopheles stephensi,ste_04,NA,NA,Field sample,7/15/05,Kenya: Wajir,whole,NA,NA,NA,NA,NA,Larvae,NA,NA,NA,missing,Female,NA,NA,NA,NA,NA,NA,NA,NA,NA,NA,NA,NA,NA,NA,NA,Larval collection using dippers,NA,NA
CDND,SAMN62672219,Successfully loaded,NA,NA,Anopheles stephensi,ste_05,NA,NA,Field sample,7/15/05,Kenya: Wajir,whole,NA,NA,NA,NA,NA,Larvae,NA,NA,NA,missing,Female,NA,NA,NA,NA,5,barcode05,an_steph_IR,CDND,NA,NA,NA,NA,NA,NA,NA,Larval collection using dippers,NA,NA
CDNC,SAMN62672220,Successfully loaded,NA,NA,Anopheles stephensi,ste_06,NA,NA,Field sample,7/15/05,Kenya: Wajir,whole,NA,NA,NA,NA,NA,Larvae,NA,NA,NA,missing,Female,NA,NA,NA,NA,6,barcode06,an_steph_IR,CDNC,NA,NA,NA,NA,NA,NA,NA,Larval collection using dippers,NA,NA
CDM9,SAMN62672221,Successfully loaded,NA,NA,Anopheles stephensi,ste_07,NA,NA,Field sample,7/15/05,Kenya: Wajir,whole,NA,NA,NA,NA,NA,Larvae,NA,NA,NA,missing,Female,NA,NA,NA,NA,8,barcode08,an_steph_IR,CDM9,NA,NA,NA,NA,NA,NA,NA,Larval collection using dippers,NA,NA
CDM8,SAMN62672222,Successfully loaded,NA,NA,Anopheles stephensi,ste_08,NA,NA,Field sample,7/15/05,Kenya: Wajir,whole,NA,NA,NA,NA,NA,Larvae,NA,NA,NA,missing,Female,NA,NA,NA,NA,9,barcode09,an_steph_IR,CDM8,NA,NA,NA,NA,NA,NA,NA,Larval collection using dippers,NA,NA
CDOZ,SAMN62672223,Successfully loaded,NA,NA,Anopheles stephensi,ste_09,NA,NA,Field sample,7/15/05,Kenya: Wajir,whole,NA,NA,NA,NA,NA,Larvae,NA,NA,NA,missing,Female,NA,NA,NA,NA,11,barcode11,an_steph_IR,CDOZ,NA,NA,NA,NA,NA,NA,NA,Larval collection using dippers,NA,NA
CDOK,SAMN62672224,Successfully loaded,NA,NA,Anopheles stephensi,ste_10,NA,NA,Field sample,7/15/05,Kenya: Wajir,whole,NA,NA,NA,NA,NA,Larvae,NA,NA,NA,missing,Female,NA,NA,NA,NA,12,barcode12,an_steph_IR,CDOK,NA,NA,NA,NA,NA,NA,NA,Larval collection using dippers,NA,NA
CDOM,SAMN62672225,Successfully loaded,NA,NA,Anopheles stephensi,ste_11,NA,NA,Field sample,7/15/05,Kenya: Wajir,whole,NA,NA,NA,NA,NA,Larvae,NA,NA,NA,missing,Female,NA,NA,NA,NA,14,barcode14,an_steph_IR,CDOM,NA,NA,NA,NA,NA,NA,NA,Larval collection using dippers,NA,NA
CDON,SAMN62672226,Successfully loaded,NA,NA,Anopheles stephensi,ste_12,NA,NA,Field sample,7/15/05,Kenya: Wajir,whole,NA,NA,NA,NA,NA,Larvae,NA,NA,NA,missing,Female,NA,NA,NA,NA,15,barcode15,an_steph_IR,CDON,NA,NA,NA,NA,NA,NA,NA,Larval collection using dippers,NA,NA
CDOO,SAMN62672227,Successfully loaded,NA,NA,Anopheles stephensi,ste_13,NA,NA,Field sample,7/15/05,Kenya: Wajir,whole,NA,NA,NA,NA,NA,Larvae,NA,NA,NA,missing,Female,NA,NA,NA,NA,16,barcode16,an_steph_IR,CDOO,NA,NA,NA,NA,NA,NA,NA,Larval collection using dippers,NA,NA
CDOR,SAMN62672228,Successfully loaded,NA,NA,Anopheles stephensi,ste_14,NA,NA,Field sample,7/15/05,Kenya: Wajir,whole,NA,NA,NA,NA,NA,Larvae,NA,NA,NA,missing,Female,NA,NA,NA,NA,17,barcode17,an_steph_IR,CDOR,NA,NA,NA,NA,NA,NA,NA,Larval collection using dippers,NA,NA
CDOQ,SAMN62672229,Successfully loaded,NA,NA,Anopheles stephensi,ste_15,NA,NA,Field sample,7/15/05,Kenya: Wajir,whole,NA,NA,NA,NA,NA,Larvae,NA,NA,NA,missing,Female,NA,NA,NA,NA,18,barcode18,an_steph_IR,CDOQ,NA,NA,NA,NA,NA,NA,NA,Larval collection using dippers,NA,NA
CDOU,SAMN62672230,Successfully loaded,NA,NA,Anopheles stephensi,ste_16,NA,NA,Field sample,7/15/05,Kenya: Wajir,whole,NA,NA,NA,NA,NA,Larvae,NA,NA,NA,missing,Female,NA,NA,NA,NA,19,barcode19,an_steph_IR,CDOU,NA,NA,NA,NA,NA,NA,NA,Larval collection using dippers,NA,NA
CODV,SAMN62672231,Successfully loaded,NA,NA,Anopheles stephensi,ste_17,NA,NA,Field sample,7/15/05,Kenya: Wajir,whole,NA,NA,NA,NA,NA,Larvae,NA,NA,NA,missing,Female,NA,NA,NA,NA,20,barcode20,an_steph_IR,CODV,NA,NA,NA,NA,NA,NA,NA,Larval collection using dippers,NA,NA
CDOW,SAMN62672232,Successfully loaded,NA,NA,Anopheles stephensi,ste_18,NA,NA,Field sample,7/15/05,Kenya: Wajir,whole,NA,NA,NA,NA,NA,Larvae,NA,NA,NA,missing,Female,NA,NA,NA,NA,21,barcode21,an_steph_IR,CDOW,NA,NA,NA,NA,NA,NA,NA,Larval collection using dippers,NA,NA
CDOI,SAMN62672233,Successfully loaded,NA,NA,Anopheles stephensi,ste_19,NA,NA,Field sample,7/15/05,Kenya: Wajir,whole,NA,NA,NA,NA,NA,Larvae,NA,NA,NA,missing,Female,NA,NA,NA,NA,22,barcode22,an_steph_IR,CDOI,NA,NA,NA,NA,NA,NA,NA,Larval collection using dippers,NA,NA
CDOJ,SAMN62672234,Successfully loaded,NA,NA,Anopheles stephensi,ste_20,NA,NA,Field sample,7/15/05,Kenya: Wajir,whole,NA,NA,NA,NA,NA,Larvae,NA,NA,NA,missing,Female,NA,NA,NA,NA,23,barcode23,an_steph_IR,CDOJ,NA,NA,NA,NA,NA,NA,NA,Larval collection using dippers,NA,NA
CDOH,SAMN62672235,Successfully loaded,NA,NA,Anopheles stephensi,ste_21,NA,NA,Field sample,7/15/05,Kenya: Wajir,whole,NA,NA,NA,NA,NA,Larvae,NA,NA,NA,missing,Female,NA,NA,NA,NA,24,barcode24,an_steph_IR,CDOH,NA,NA,NA,NA,NA,NA,NA,Larval collection using dippers,NA,NA
CDOG,SAMN62672236,Successfully loaded,NA,NA,Anopheles stephensi,ste_22,NA,NA,Field sample,7/15/05,Kenya: Wajir,whole,NA,NA,NA,NA,NA,Larvae,NA,NA,NA,missing,Female,NA,NA,NA,NA,25,barcode25,an_steph_IR,CDOG,NA,NA,NA,NA,NA,NA,NA,Larval collection using dippers,NA,NA
CDSG,SAMN62672237,Successfully loaded,NA,NA,Anopheles stephensi,ste_23,NA,NA,Field sample,7/15/05,Kenya: Wajir,whole,NA,NA,NA,NA,NA,Larvae,NA,NA,NA,missing,Female,NA,NA,NA,NA,26,barcode26,an_steph_IR,CDSG,NA,NA,NA,NA,NA,NA,NA,Larval collection using dippers,NA,NA
CDSH,SAMN62672238,Successfully loaded,NA,NA,Anopheles stephensi,ste_24,NA,NA,Field sample,7/15/05,Kenya: Wajir,whole,NA,NA,NA,NA,NA,Larvae,NA,NA,NA,missing,Female,NA,NA,NA,NA,27,barcode27,an_steph_IR,CDSH,NA,NA,NA,NA,NA,NA,NA,Larval collection using dippers,NA,NA
CDSJ,SAMN62672239,Successfully loaded,NA,NA,Anopheles stephensi,ste_25,NA,NA,Field sample,7/15/05,Kenya: Wajir,whole,NA,NA,NA,NA,NA,Larvae,NA,NA,NA,missing,Female,NA,NA,NA,NA,28,barcode28,an_steph_IR,CDSJ,NA,NA,NA,NA,NA,NA,NA,Larval collection using dippers,NA,NA
CDP7,SAMN62672240,Successfully loaded,NA,NA,Anopheles stephensi,ste_26,NA,NA,Field sample,7/15/05,Kenya: Wajir,whole,NA,NA,NA,NA,NA,Larvae,NA,NA,NA,missing,Female,NA,NA,NA,NA,NA,NA,NA,NA,NA,NA,NA,NA,NA,NA,NA,Larval collection using dippers,NA,NA
CDP8,SAMN62672241,Successfully loaded,NA,NA,Anopheles stephensi,ste_27,NA,NA,Field sample,7/15/05,Kenya: Wajir,whole,NA,NA,NA,NA,NA,Larvae,NA,NA,NA,missing,Female,NA,NA,NA,NA,30,barcode30,an_steph_IR,CDP8,NA,NA,NA,NA,NA,NA,NA,Larval collection using dippers,NA,NA
CDOD,SAMN62672242,Successfully loaded,NA,NA,Anopheles stephensi,ste_28,NA,NA,Field sample,7/15/05,Kenya: Wajir,whole,NA,NA,NA,NA,NA,Larvae,NA,NA,NA,missing,Female,NA,NA,NA,NA,31,barcode31,an_steph_IR,CDOD,NA,NA,NA,NA,NA,NA,NA,Larval collection using dippers,NA,NA
CDOE,SAMN62672243,Successfully loaded,NA,NA,Anopheles stephensi,ste_29,NA,NA,Field sample,7/15/05,Kenya: Wajir,whole,NA,NA,NA,NA,NA,Larvae,NA,NA,NA,missing,Female,NA,NA,NA,NA,32,barcode32,an_steph_IR,CDOE,NA,NA,NA,NA,NA,NA,NA,Larval collection using dippers,NA,NA
CDOF,SAMN62672244,Successfully loaded,NA,NA,Anopheles stephensi,ste_30,NA,NA,Field sample,7/15/05,Kenya: Wajir,whole,NA,NA,NA,NA,NA,Larvae,NA,NA,NA,missing,Female,NA,NA,NA,NA,33,barcode33,an_steph_IR,CDOF,NA,NA,NA,NA,NA,NA,NA,Larval collection using dippers,NA,NA
CDST,SAMN62672245,Successfully loaded,NA,NA,Anopheles stephensi,ste_31,NA,NA,Field sample,2/1/24,Kenya: Isiolo,whole,NA,NA,NA,NA,NA,Larvae,NA,NA,NA,missing,Female,NA,NA,NA,NA,35,barcode35,an_steph_IR,CDST,NA,NA,NA,NA,NA,NA,NA,Larval collection using dippers,NA,NA
CDS8,SAMN62672246,Successfully loaded,NA,NA,Anopheles stephensi,ste_32,NA,NA,Field sample,2/1/24,Kenya: Isiolo,whole,NA,NA,NA,NA,NA,Larvae,NA,NA,NA,missing,Female,NA,NA,NA,NA,38,barcode38,an_steph_IR,CDS8,NA,NA,NA,NA,NA,NA,NA,Larval collection using dippers,NA,NA
CDVF,SAMN62672247,Successfully loaded,NA,NA,Anopheles stephensi,ste_33,NA,NA,Field sample,2/1/24,Kenya: Isiolo,whole,NA,NA,NA,NA,NA,Larvae,NA,NA,NA,missing,Female,NA,NA,NA,NA,40,barcode40,an_steph_IR,CDVF,NA,NA,NA,NA,NA,NA,NA,Larval collection using dippers,NA,NA
CDVU,SAMN62672248,Successfully loaded,NA,NA,Anopheles stephensi,ste_34,NA,NA,Field sample,2/1/24,Kenya: Isiolo,whole,NA,NA,NA,NA,NA,Larvae,NA,NA,NA,missing,Female,NA,NA,NA,NA,44,barcode44,an_steph_IR,CDVU,NA,NA,NA,NA,NA,NA,NA,Larval collection using dippers,NA,NA
CDVY,SAMN62672249,Successfully loaded,NA,NA,Anopheles stephensi,ste_35,NA,NA,Field sample,2/1/24,Kenya: Isiolo,whole,NA,NA,NA,NA,NA,Larvae,NA,NA,NA,missing,Female,NA,NA,NA,NA,45,barcode45,an_steph_IR,CDVY,NA,NA,NA,NA,NA,NA,NA,Larval collection using dippers,NA,NA
CDVX,SAMN62672250,Successfully loaded,NA,NA,Anopheles stephensi,ste_36,NA,NA,Field sample,2/1/24,Kenya: Isiolo,whole,NA,NA,NA,NA,NA,Larvae,NA,NA,NA,missing,Female,NA,NA,NA,NA,48,barcode48,an_steph_IR,CDVX,NA,NA,NA,NA,NA,NA,NA,Larval collection using dippers,NA,NA
CDVQ,SAMN62672251,Successfully loaded,NA,NA,Anopheles stephensi,ste_37,NA,NA,Field sample,2/1/24,Kenya: Isiolo,whole,NA,NA,NA,NA,NA,Larvae,NA,NA,NA,missing,Female,NA,NA,NA,NA,49,barcode49,an_steph_IR,CDVQ,NA,NA,NA,NA,NA,NA,NA,Larval collection using dippers,NA,NA
SESS01,SAMN62672252,Successfully loaded,NA,NA,Anopheles stephensi,ste_38,NA,NA,Field sample,5/1/23,Kenya: Marsabit,whole,NA,NA,NA,NA,NA,Larvae,NA,NA,NA,missing,Female,NA,NA,NA,NA,50,barcode50,an_steph_IR,SESS01,NA,NA,NA,NA,NA,NA,NA,Larval collection using dippers,NA,NA
MAD07,SAMN62672253,Successfully loaded,NA,NA,Anopheles stephensi,ste_39,NA,NA,Field sample,5/1/23,Kenya: Marsabit,whole,NA,NA,NA,NA,NA,Larvae,NA,NA,NA,missing,Female,NA,NA,NA,NA,53,barcode53,an_steph_IR,MAD07,NA,NA,NA,NA,NA,NA,NA,Larval collection using dippers,NA,NA
MAU11,SAMN62672254,Successfully loaded,NA,NA,Anopheles stephensi,ste_40,NA,NA,Field sample,5/1/23,Kenya: Marsabit,whole,NA,NA,NA,NA,NA,Larvae,NA,NA,NA,missing,Female,NA,NA,NA,NA,54,barcode54,an_steph_IR,MAU11,NA,NA,NA,NA,NA,NA,NA,Larval collection using dippers,NA,NA
SESS14,SAMN62672255,Successfully loaded,NA,NA,Anopheles stephensi,ste_41,NA,NA,Field sample,5/1/23,Kenya: Marsabit,whole,NA,NA,NA,NA,NA,Larvae,NA,NA,NA,missing,Female,NA,NA,NA,NA,55,barcode55,an_steph_IR,SESS14,NA,NA,NA,NA,NA,NA,NA,Larval collection using dippers,NA,NA
SESS17,SAMN62672256,Successfully loaded,NA,NA,Anopheles stephensi,ste_42,NA,NA,Field sample,5/1/23,Kenya: Marsabit,whole,NA,NA,NA,NA,NA,Larvae,NA,NA,NA,missing,Female,NA,NA,NA,NA,56,barcode56,an_steph_IR,SESS17,NA,NA,NA,NA,NA,NA,NA,Larval collection using dippers,NA,NA
MAD05,SAMN62672257,Successfully loaded,NA,NA,Anopheles stephensi,ste_43,NA,NA,Field sample,5/1/23,Kenya: Marsabit,whole,NA,NA,NA,NA,NA,Larvae,NA,NA,NA,missing,Female,NA,NA,NA,NA,57,barcode57,an_steph_IR,MAD05,NA,NA,NA,NA,NA,NA,NA,Larval collection using dippers,NA,NA
MOU18,SAMN62672258,Successfully loaded,NA,NA,Anopheles stephensi,ste_44,NA,NA,Field sample,5/1/23,Kenya: Marsabit,whole,NA,NA,NA,NA,NA,Larvae,NA,NA,NA,missing,Female,NA,NA,NA,NA,58,barcode58,an_steph_IR,MOU18,NA,NA,NA,NA,NA,NA,NA,Larval collection using dippers,NA,NA
MOU17,SAMN62672259,Successfully loaded,NA,NA,Anopheles stephensi,ste_45,NA,NA,Field sample,5/1/23,Kenya: Marsabit,whole,NA,NA,NA,NA,NA,Larvae,NA,NA,NA,missing,Female,NA,NA,NA,NA,59,barcode59,an_steph_IR,MOU17,NA,NA,NA,NA,NA,NA,NA,Larval collection using dippers,NA,NA
MAD10,SAMN62672260,Successfully loaded,NA,NA,Anopheles stephensi,ste_46,NA,NA,Field sample,5/1/23,Kenya: Marsabit,whole,NA,NA,NA,NA,NA,Larvae,NA,NA,NA,missing,Female,NA,NA,NA,NA,60,barcode60,an_steph_IR,MAD10,NA,NA,NA,NA,NA,NA,NA,Larval collection using dippers,NA,NA
MAU12,SAMN62672261,Successfully loaded,NA,NA,Anopheles stephensi,ste_47,NA,NA,Field sample,5/1/23,Kenya: Marsabit,whole,NA,NA,NA,NA,NA,Larvae,NA,NA,NA,missing,Female,NA,NA,NA,NA,62,barcode62,an_steph_IR,MAU12,NA,NA,NA,NA,NA,NA,NA,Larval collection using dippers,NA,NA
SESS26,SAMN62672262,Successfully loaded,NA,NA,Anopheles stephensi,ste_48,NA,NA,Field sample,5/1/23,Kenya: Marsabit,whole,NA,NA,NA,NA,NA,Larvae,NA,NA,NA,missing,Female,NA,NA,NA,NA,63,barcode63,an_steph_IR,SESS26,NA,NA,NA,NA,NA,NA,NA,Larval collection using dippers,NA,NA
SESS27,SAMN62672263,Successfully loaded,NA,NA,Anopheles stephensi,ste_49,NA,NA,Field sample,5/1/23,Kenya: Marsabit,whole,NA,NA,NA,NA,NA,Larvae,NA,NA,NA,missing,Female,NA,NA,NA,NA,64,barcode64,an_steph_IR,SESS27,NA,NA,NA,NA,NA,NA,NA,Larval collection using dippers,NA,NA
MAD14,SAMN62672264,Successfully loaded,NA,NA,Anopheles stephensi,ste_50,NA,NA,Field sample,5/1/23,Kenya: Marsabit,whole,NA,NA,NA,NA,NA,Larvae,NA,NA,NA,missing,Female,NA,NA,NA,NA,65,barcode65,an_steph_IR,MAD14,NA,NA,NA,NA,NA,NA,NA,Larval collection using dippers,NA,NA
NAG05,SAMN62672265,Successfully loaded,NA,NA,Anopheles stephensi,ste_51,NA,NA,Field sample,5/1/23,Kenya: Marsabit,whole,NA,NA,NA,NA,NA,Larvae,NA,NA,NA,missing,Female,NA,NA,NA,NA,67,barcode67,an_steph_IR,NAG05,NA,NA,NA,NA,NA,NA,NA,Larval collection using dippers,NA,NA
SESS21,SAMN62672266,Successfully loaded,NA,NA,Anopheles stephensi,ste_52,NA,NA,Field sample,5/1/23,Kenya: Marsabit,whole,NA,NA,NA,NA,NA,Larvae,NA,NA,NA,missing,Female,NA,NA,NA,NA,68,barcode68,an_steph_IR,SESS21,NA,NA,NA,NA,NA,NA,NA,Larval collection using dippers,NA,NA
MAD11,SAMN62672267,Successfully loaded,NA,NA,Anopheles stephensi,ste_53,NA,NA,Field sample,5/1/23,Kenya: Marsabit,whole,NA,NA,NA,NA,NA,Larvae,NA,NA,NA,missing,Female,NA,NA,NA,NA,69,barcode69,an_steph_IR,MAD11,NA,NA,NA,NA,NA,NA,NA,Larval collection using dippers,NA,NA
MAD01,SAMN62672268,Successfully loaded,NA,NA,Anopheles stephensi,ste_54,NA,NA,Field sample,5/1/23,Kenya: Marsabit,whole,NA,NA,NA,NA,NA,Larvae,NA,NA,NA,missing,Female,NA,NA,NA,NA,70,barcode70,an_steph_IR,MAD01,NA,NA,NA,NA,NA,NA,NA,Larval collection using dippers,NA,NA
MOU21,SAMN62672269,Successfully loaded,NA,NA,Anopheles stephensi,ste_55,NA,NA,Field sample,5/1/23,Kenya: Marsabit,whole,NA,NA,NA,NA,NA,Larvae,NA,NA,NA,missing,Female,NA,NA,NA,NA,71,barcode71,an_steph_IR,MOU21,NA,NA,NA,NA,NA,NA,NA,Larval collection using dippers,NA,NA
MAU13,SAMN62672270,Successfully loaded,NA,NA,Anopheles stephensi,ste_56,NA,NA,Field sample,5/1/23,Kenya: Marsabit,whole,NA,NA,NA,NA,NA,Larvae,NA,NA,NA,missing,Female,NA,NA,NA,NA,72,barcode72,an_steph_IR,MAU13,NA,NA,NA,NA,NA,NA,NA,Larval collection using dippers,NA,NA
SESS30,SAMN62672271,Successfully loaded,NA,NA,Anopheles stephensi,ste_57,NA,NA,Field sample,5/1/23,Kenya: Marsabit,whole,NA,NA,NA,NA,NA,Larvae,NA,NA,NA,missing,Female,NA,NA,NA,NA,73,barcode73,an_steph_IR,SESS30,NA,NA,NA,NA,NA,NA,NA,Larval collection using dippers,NA,NA
MAU10,SAMN62672272,Successfully loaded,NA,NA,Anopheles stephensi,ste_58,NA,NA,Field sample,5/1/23,Kenya: Marsabit,whole,NA,NA,NA,NA,NA,Larvae,NA,NA,NA,missing,Female,NA,NA,NA,NA,75,barcode75,an_steph_IR,MAU10,NA,NA,NA,NA,NA,NA,NA,Larval collection using dippers,NA,NA
NAG01,SAMN62672273,Successfully loaded,NA,NA,Anopheles stephensi,ste_59,NA,NA,Field sample,5/1/23,Kenya: Marsabit,whole,NA,NA,NA,NA,NA,Larvae,NA,NA,NA,missing,Female,NA,NA,NA,NA,76,barcode76,an_steph_IR,NAG01,NA,NA,NA,NA,NA,NA,NA,Larval collection using dippers,NA,NA
SESS29,SAMN62672274,Successfully loaded,NA,NA,Anopheles stephensi,ste_60,NA,NA,Field sample,5/1/23,Kenya: Marsabit,whole,NA,NA,NA,NA,NA,Larvae,NA,NA,NA,missing,Female,NA,NA,NA,NA,78,barcode78,an_steph_IR,SESS29,NA,NA,NA,NA,NA,NA,NA,Larval collection using dippers,NA,NA
87JL,SAMN62672275,Successfully loaded,NA,NA,Anopheles stephensi,ste_61,NA,NA,Field sample,2/1/23,Kenya: Marsabit,whole,NA,NA,NA,NA,NA,Larvae,NA,NA,NA,missing,Female,NA,NA,NA,NA,79,barcode79,an_steph_IR,87JL,NA,NA,NA,NA,NA,NA,NA,Larval collection using dippers,NA,NA
87CO,SAMN62672276,Successfully loaded,NA,NA,Anopheles stephensi,ste_62,NA,NA,Field sample,2/1/23,Kenya: Marsabit,whole,NA,NA,NA,NA,NA,Larvae,NA,NA,NA,missing,Female,NA,NA,NA,NA,80,barcode80,an_steph_IR,87CO,NA,NA,NA,NA,NA,NA,NA,Larval collection using dippers,NA,NA