,Unnamed: 0,CHROM,POS,ID,REF,ALT,QUAL,FILTER,ANN,gene_name,Protein_Change,LOCATION,GT:0/0,GT:0/1,GT:1/1,GT:0/2,GT:1/2,GT:2/2,GT:0/3,GT:1/3,GT:2/3,GT:3/3,total_x,ref,alt1,alt2,alt3,total_y,Gene_symbol,Label
9,9,CM023248,60913439,,C,A,275.0029907,PASS,"missense|ASTEI20_043445|ASTEI20_043445.R60850|protein_coding|-|312A>312S|60913437G>C+60913439C>A', 'missense|ASTEI20_043445|ASTEI20_043445.R60848|protein_coding|-|320A>320S|60913437G>C+60913439C>A', 'missense|ASTEI20_043445|ASTEI20_043445.R60847|protein_coding|-|320A>320S|60913437G>C+60913439C>A', 'missense|ASTEI20_043445|ASTEI20_043445.R60849|protein_coding|-|312A>312S|60913437G>C+60913439C>A', 'missense|ASTEI20_043445|ASTEI20_043445.R60846|protein_coding|-|312A>312S|60913437G>C+60913439C>A",ASTEI20_043445,312A>312S,CM023248:60913439-ASTEI20_043445-312A>312S,0.98,0.02,0,0,0,0,0,0,0,0,1,0.99,0.01,0,0,1,Ace2,Ace2 (A312S)
35,35,CM023248,60913612,,C,A,275.0029907,PASS,"missense|ASTEI20_043445|ASTEI20_043445.R60850|protein_coding|-|254R>254L|60913611A>C+60913612C>A', 'missense|ASTEI20_043445|ASTEI20_043445.R60848|protein_coding|-|262R>262L|60913611A>C+60913612C>A', 'missense|ASTEI20_043445|ASTEI20_043445.R60847|protein_coding|-|262R>262L|60913611A>C+60913612C>A', 'missense|ASTEI20_043445|ASTEI20_043445.R60849|protein_coding|-|254R>254L|60913611A>C+60913612C>A', 'missense|ASTEI20_043445|ASTEI20_043445.R60846|protein_coding|-|254R>254L|60913611A>C+60913612C>A",ASTEI20_043445,254R>254L,CM023248:60913612-ASTEI20_043445-254R>254L,0.98,0.02,0,0,0,0,0,0,0,0,1,0.99,0.01,0,0,1,Ace2,Ace2 (R254L)
152,152,CM023249,8353006,,G,A,275.0029907,PASS,"missense|ASTEI20_036292|ASTEI20_036292.R45443|protein_coding|-|312T>312M|8353006G>A', 'missense|ASTEI20_036292|ASTEI20_036292.R45447|protein_coding|-|312T>312M|8353006G>A', 'missense|ASTEI20_036292|ASTEI20_036292.R45446|protein_coding|-|312T>312M|8353006G>A', 'missense|ASTEI20_036292|ASTEI20_036292.R45448|protein_coding|-|312T>312M|8353006G>A', 'missense|ASTEI20_036292|ASTEI20_036292.R45445|protein_coding|-|312T>312M|8353006G>A', 'missense|ASTEI20_036292|ASTEI20_036292.R45444|protein_coding|-|312T>312M|8353006G>A",ASTEI20_036292,312T>312M,CM023249:8353006-ASTEI20_036292-312T>312M,0.98,0,0.02,0,0,0,0,0,0,0,1,0.98,0.02,0,0,1,Gaba,Gaba (T312M)
153,153,CM023249,8353055,,C,A,275.0029907,PASS,"missense|ASTEI20_036292|ASTEI20_036292.R45443|protein_coding|-|296A>296S|8353055C>A', 'missense|ASTEI20_036292|ASTEI20_036292.R45447|protein_coding|-|296A>296S|8353055C>A', 'missense|ASTEI20_036292|ASTEI20_036292.R45446|protein_coding|-|296A>296S|8353055C>A', 'missense|ASTEI20_036292|ASTEI20_036292.R45448|protein_coding|-|296A>296S|8353055C>A', 'missense|ASTEI20_036292|ASTEI20_036292.R45445|protein_coding|-|296A>296S|8353055C>A', 'missense|ASTEI20_036292|ASTEI20_036292.R45444|protein_coding|-|296A>296S|8353055C>A",ASTEI20_036292,296A>296S,CM023249:8353055-ASTEI20_036292-296A>296S,0.92,0.05,0.03,0,0,0,0,0,0,0,1,0.94,0.06,0,0,1,Gaba,Gaba (A296S)
224,224,CM023249,42810151,,G,A,275.0029907,PASS,"missense|ASTEI20_036354|ASTEI20_036354.R45604|protein_coding|-|1484T>1484M|42810151G>A', 'missense|ASTEI20_036354|ASTEI20_036354.R45609|protein_coding|-|1493T>1493M|42810151G>A', 'missense|ASTEI20_036354|ASTEI20_036354.R45576|protein_coding|-|1519T>1519M|42810151G>A', 'missense|ASTEI20_036354|ASTEI20_036354.R45574|protein_coding|-|1519T>1519M|42810151G>A', 'missense|ASTEI20_036354|ASTEI20_036354.R45614|protein_coding|-|1508T>1508M|42810151G>A', 'missense|ASTEI20_036354|ASTEI20_036354.R45612|protein_coding|-|1493T>1493M|42810151G>A', 'missense|ASTEI20_036354|ASTEI20_036354.R45618|protein_coding|-|1483T>1483M|42810151G>A', 'missense|ASTEI20_036354|ASTEI20_036354.R45596|protein_coding|-|1500T>1500M|42810151G>A', 'missense|ASTEI20_036354|ASTEI20_036354.R45599|protein_coding|-|1503T>1503M|42810151G>A', 'missense|ASTEI20_036354|ASTEI20_036354.R45586|protein_coding|-|1511T>1511M|42810151G>A', 'missense|ASTEI20_036354|ASTEI20_036354.R45593|protein_coding|-|1494T>1494M|42810151G>A', 'missense|ASTEI20_036354|ASTEI20_036354.R45577|protein_coding|-|1508T>1508M|42810151G>A', 'missense|ASTEI20_036354|ASTEI20_036354.R45590|protein_coding|-|1508T>1508M|42810151G>A', 'missense|ASTEI20_036354|ASTEI20_036354.R45589|protein_coding|-|1510T>1510M|42810151G>A', 'missense|ASTEI20_036354|ASTEI20_036354.R45597|protein_coding|-|1518T>1518M|42810151G>A', 'missense|ASTEI20_036354|ASTEI20_036354.R45610|protein_coding|-|1500T>1500M|42810151G>A', 'missense|ASTEI20_036354|ASTEI20_036354.R45598|protein_coding|-|1518T>1518M|42810151G>A', 'missense|ASTEI20_036354|ASTEI20_036354.R45605|protein_coding|-|1497T>1497M|42810151G>A', 'missense|ASTEI20_036354|ASTEI20_036354.R45619|protein_coding|-|1518T>1518M|42810151G>A', 'missense|ASTEI20_036354|ASTEI20_036354.R45584|protein_coding|-|1529T>1529M|42810151G>A', 'missense|ASTEI20_036354|ASTEI20_036354.R45579|protein_coding|-|1529T>1529M|42810151G>A', 'missense|ASTEI20_036354|ASTEI20_036354.R45594|protein_coding|-|1529T>1529M|42810151G>A', 'missense|ASTEI20_036354|ASTEI20_036354.R45573|protein_coding|-|1529T>1529M|42810151G>A', 'missense|ASTEI20_036354|ASTEI20_036354.R45606|protein_coding|-|1529T>1529M|42810151G>A', 'missense|ASTEI20_036354|ASTEI20_036354.R45592|protein_coding|-|1486T>1486M|42810151G>A', 'missense|ASTEI20_036354|ASTEI20_036354.R45585|protein_coding|-|1482T>1482M|42810151G>A', 'missense|ASTEI20_036354|ASTEI20_036354.R45607|protein_coding|-|1472T>1472M|42810151G>A', 'missense|ASTEI20_036354|ASTEI20_036354.R45602|protein_coding|-|1482T>1482M|42810151G>A', 'missense|ASTEI20_036354|ASTEI20_036354.R45587|protein_coding|-|1495T>1495M|42810151G>A', 'missense|ASTEI20_036354|ASTEI20_036354.R45580|protein_coding|-|1474T>1474M|42810151G>A', 'missense|ASTEI20_036354|ASTEI20_036354.R45603|protein_coding|-|1457T>1457M|42810151G>A', 'missense|ASTEI20_036354|ASTEI20_036354.R45616|protein_coding|-|1508T>1508M|42810151G>A', 'missense|ASTEI20_036354|ASTEI20_036354.R45582|protein_coding|-|1521T>1521M|42810151G>A', 'missense|ASTEI20_036354|ASTEI20_036354.R45583|protein_coding|-|1485T>1485M|42810151G>A', 'missense|ASTEI20_036354|ASTEI20_036354.R45588|protein_coding|-|1464T>1464M|42810151G>A', 'missense|ASTEI20_036354|ASTEI20_036354.R45601|protein_coding|-|1529T>1529M|42810151G>A', 'missense|ASTEI20_036354|ASTEI20_036354.R45578|protein_coding|-|1493T>1493M|42810151G>A', 'missense|ASTEI20_036354|ASTEI20_036354.R45620|protein_coding|-|1495T>1495M|42810151G>A', 'missense|ASTEI20_036354|ASTEI20_036354.R45575|protein_coding|-|1521T>1521M|42810151G>A', 'missense|ASTEI20_036354|ASTEI20_036354.R45581|protein_coding|-|1485T>1485M|42810151G>A', 'missense|ASTEI20_036354|ASTEI20_036354.R45617|protein_coding|-|1449T>1449M|42810151G>A', 'missense|ASTEI20_036354|ASTEI20_036354.R45608|protein_coding|-|1500T>1500M|42810151G>A', 'missense|ASTEI20_036354|ASTEI20_036354.R45611|protein_coding|-|1464T>1464M|42810151G>A', 'missense|ASTEI20_036354|ASTEI20_036354.R45615|protein_coding|-|1504T>1504M|42810151G>A', 'missense|ASTEI20_036354|ASTEI20_036354.R45600|protein_coding|-|1472T>1472M|42810151G>A', 'missense|ASTEI20_036354|ASTEI20_036354.R45595|protein_coding|-|1494T>1494M|42810151G>A', 'missense|ASTEI20_036354|ASTEI20_036354.R45621|protein_coding|-|1496T>1496M|42810151G>A', 'missense|ASTEI20_036354|ASTEI20_036354.R45613|protein_coding|-|1503T>1503M|42810151G>A', 'missense|ASTEI20_036354|ASTEI20_036354.R45572|protein_coding|-|1518T>1518M|42810151G>A', 'missense|ASTEI20_036354|ASTEI20_036354.R45591|protein_coding|-|1529T>1529M|42810151G>A",ASTEI20_036354,1484T>1484M,CM023249:42810151-ASTEI20_036354-1484T>1484M,0.98,0.02,0,0,0,0,0,0,0,0,1,0.99,0.01,0,0,1,Vgsc,Vgsc (T1515M)
371,371,CM023249,42817709,,T,A,275.0029907,PASS,"missense|ASTEI20_036354|ASTEI20_036354.R45604|protein_coding|-|993L>993F|42817709T>A', 'missense|ASTEI20_036354|ASTEI20_036354.R45609|protein_coding|-|1012L>1012F|42817709T>A', 'missense|ASTEI20_036354|ASTEI20_036354.R45576|protein_coding|-|1012L>1012F|42817709T>A', 'missense|ASTEI20_036354|ASTEI20_036354.R45574|protein_coding|-|1012L>1012F|42817709T>A', 'missense|ASTEI20_036354|ASTEI20_036354.R45614|protein_coding|-|1001L>1001F|42817709T>A', 'missense|ASTEI20_036354|ASTEI20_036354.R45612|protein_coding|-|1012L>1012F|42817709T>A', 'missense|ASTEI20_036354|ASTEI20_036354.R45618|protein_coding|-|976L>976F|42817709T>A', 'missense|ASTEI20_036354|ASTEI20_036354.R45596|protein_coding|-|993L>993F|42817709T>A', 'missense|ASTEI20_036354|ASTEI20_036354.R45599|protein_coding|-|1012L>1012F|42817709T>A', 'missense|ASTEI20_036354|ASTEI20_036354.R45586|protein_coding|-|1004L>1004F|42817709T>A', 'missense|ASTEI20_036354|ASTEI20_036354.R45593|protein_coding|-|987L>987F|42817709T>A', 'missense|ASTEI20_036354|ASTEI20_036354.R45577|protein_coding|-|1001L>1001F|42817709T>A', 'missense|ASTEI20_036354|ASTEI20_036354.R45590|protein_coding|-|991L>991F|42817709T>A', 'missense|ASTEI20_036354|ASTEI20_036354.R45589|protein_coding|-|993L>993F|42817709T>A', 'missense|ASTEI20_036354|ASTEI20_036354.R45597|protein_coding|-|1001L>1001F|42817709T>A', 'missense|ASTEI20_036354|ASTEI20_036354.R45610|protein_coding|-|993L>993F|42817709T>A', 'missense|ASTEI20_036354|ASTEI20_036354.R45598|protein_coding|-|1001L>1001F|42817709T>A', 'missense|ASTEI20_036354|ASTEI20_036354.R45605|protein_coding|-|980L>980F|42817709T>A', 'missense|ASTEI20_036354|ASTEI20_036354.R45619|protein_coding|-|1001L>1001F|42817709T>A', 'missense|ASTEI20_036354|ASTEI20_036354.R45584|protein_coding|-|1012L>1012F|42817709T>A', 'missense|ASTEI20_036354|ASTEI20_036354.R45579|protein_coding|-|1012L>1012F|42817709T>A', 'missense|ASTEI20_036354|ASTEI20_036354.R45594|protein_coding|-|1012L>1012F|42817709T>A', 'missense|ASTEI20_036354|ASTEI20_036354.R45573|protein_coding|-|1012L>1012F|42817709T>A', 'missense|ASTEI20_036354|ASTEI20_036354.R45606|protein_coding|-|1012L>1012F|42817709T>A', 'missense|ASTEI20_036354|ASTEI20_036354.R45592|protein_coding|-|969L>969F|42817709T>A', 'missense|ASTEI20_036354|ASTEI20_036354.R45585|protein_coding|-|991L>991F|42817709T>A', 'missense|ASTEI20_036354|ASTEI20_036354.R45607|protein_coding|-|991L>991F|42817709T>A', 'missense|ASTEI20_036354|ASTEI20_036354.R45602|protein_coding|-|991L>991F|42817709T>A', 'missense|ASTEI20_036354|ASTEI20_036354.R45587|protein_coding|-|1004L>1004F|42817709T>A', 'missense|ASTEI20_036354|ASTEI20_036354.R45580|protein_coding|-|983L>983F|42817709T>A', 'missense|ASTEI20_036354|ASTEI20_036354.R45603|protein_coding|-|940L>940F|42817709T>A', 'missense|ASTEI20_036354|ASTEI20_036354.R45616|protein_coding|-|991L>991F|42817709T>A', 'missense|ASTEI20_036354|ASTEI20_036354.R45582|protein_coding|-|1004L>1004F|42817709T>A', 'missense|ASTEI20_036354|ASTEI20_036354.R45583|protein_coding|-|1004L>1004F|42817709T>A', 'missense|ASTEI20_036354|ASTEI20_036354.R45588|protein_coding|-|983L>983F|42817709T>A', 'missense|ASTEI20_036354|ASTEI20_036354.R45601|protein_coding|-|1012L>1012F|42817709T>A', 'missense|ASTEI20_036354|ASTEI20_036354.R45578|protein_coding|-|1012L>1012F|42817709T>A', 'missense|ASTEI20_036354|ASTEI20_036354.R45620|protein_coding|-|1004L>1004F|42817709T>A', 'missense|ASTEI20_036354|ASTEI20_036354.R45575|protein_coding|-|1004L>1004F|42817709T>A', 'missense|ASTEI20_036354|ASTEI20_036354.R45581|protein_coding|-|1004L>1004F|42817709T>A', 'missense|ASTEI20_036354|ASTEI20_036354.R45617|protein_coding|-|958L>958F|42817709T>A', 'missense|ASTEI20_036354|ASTEI20_036354.R45608|protein_coding|-|983L>983F|42817709T>A', 'missense|ASTEI20_036354|ASTEI20_036354.R45611|protein_coding|-|983L>983F|42817709T>A', 'missense|ASTEI20_036354|ASTEI20_036354.R45615|protein_coding|-|987L>987F|42817709T>A', 'missense|ASTEI20_036354|ASTEI20_036354.R45600|protein_coding|-|991L>991F|42817709T>A', 'missense|ASTEI20_036354|ASTEI20_036354.R45595|protein_coding|-|987L>987F|42817709T>A', 'missense|ASTEI20_036354|ASTEI20_036354.R45621|protein_coding|-|979L>979F|42817709T>A', 'missense|ASTEI20_036354|ASTEI20_036354.R45613|protein_coding|-|1012L>1012F|42817709T>A', 'missense|ASTEI20_036354|ASTEI20_036354.R45572|protein_coding|-|1001L>1001F|42817709T>A', 'missense|ASTEI20_036354|ASTEI20_036354.R45591|protein_coding|-|1012L>1012F|42817709T>A",ASTEI20_036354,993L>993F,CM023249:42817709-ASTEI20_036354-993L>993F,0.97,0.02,0.02,0,0,0,0,0,0,0,1,0.98,0.02,0,0,1,Vgsc,Vgsc (L995F)
372,372,CM023249,42817710,,A,G,135.8950043,PASS,"missense|ASTEI20_036354|ASTEI20_036354.R45604|protein_coding|-|993L>993S|42817710A>G', 'missense|ASTEI20_036354|ASTEI20_036354.R45609|protein_coding|-|1012L>1012S|42817710A>G', 'missense|ASTEI20_036354|ASTEI20_036354.R45576|protein_coding|-|1012L>1012S|42817710A>G', 'missense|ASTEI20_036354|ASTEI20_036354.R45574|protein_coding|-|1012L>1012S|42817710A>G', 'missense|ASTEI20_036354|ASTEI20_036354.R45614|protein_coding|-|1001L>1001S|42817710A>G', 'missense|ASTEI20_036354|ASTEI20_036354.R45612|protein_coding|-|1012L>1012S|42817710A>G', 'missense|ASTEI20_036354|ASTEI20_036354.R45618|protein_coding|-|976L>976S|42817710A>G', 'missense|ASTEI20_036354|ASTEI20_036354.R45596|protein_coding|-|993L>993S|42817710A>G', 'missense|ASTEI20_036354|ASTEI20_036354.R45599|protein_coding|-|1012L>1012S|42817710A>G', 'missense|ASTEI20_036354|ASTEI20_036354.R45586|protein_coding|-|1004L>1004S|42817710A>G', 'missense|ASTEI20_036354|ASTEI20_036354.R45593|protein_coding|-|987L>987S|42817710A>G', 'missense|ASTEI20_036354|ASTEI20_036354.R45577|protein_coding|-|1001L>1001S|42817710A>G', 'missense|ASTEI20_036354|ASTEI20_036354.R45590|protein_coding|-|991L>991S|42817710A>G', 'missense|ASTEI20_036354|ASTEI20_036354.R45589|protein_coding|-|993L>993S|42817710A>G', 'missense|ASTEI20_036354|ASTEI20_036354.R45597|protein_coding|-|1001L>1001S|42817710A>G', 'missense|ASTEI20_036354|ASTEI20_036354.R45610|protein_coding|-|993L>993S|42817710A>G', 'missense|ASTEI20_036354|ASTEI20_036354.R45598|protein_coding|-|1001L>1001S|42817710A>G', 'missense|ASTEI20_036354|ASTEI20_036354.R45605|protein_coding|-|980L>980S|42817710A>G', 'missense|ASTEI20_036354|ASTEI20_036354.R45619|protein_coding|-|1001L>1001S|42817710A>G', 'missense|ASTEI20_036354|ASTEI20_036354.R45584|protein_coding|-|1012L>1012S|42817710A>G', 'missense|ASTEI20_036354|ASTEI20_036354.R45579|protein_coding|-|1012L>1012S|42817710A>G', 'missense|ASTEI20_036354|ASTEI20_036354.R45594|protein_coding|-|1012L>1012S|42817710A>G', 'missense|ASTEI20_036354|ASTEI20_036354.R45573|protein_coding|-|1012L>1012S|42817710A>G', 'missense|ASTEI20_036354|ASTEI20_036354.R45606|protein_coding|-|1012L>1012S|42817710A>G', 'missense|ASTEI20_036354|ASTEI20_036354.R45592|protein_coding|-|969L>969S|42817710A>G', 'missense|ASTEI20_036354|ASTEI20_036354.R45585|protein_coding|-|991L>991S|42817710A>G', 'missense|ASTEI20_036354|ASTEI20_036354.R45607|protein_coding|-|991L>991S|42817710A>G', 'missense|ASTEI20_036354|ASTEI20_036354.R45602|protein_coding|-|991L>991S|42817710A>G', 'missense|ASTEI20_036354|ASTEI20_036354.R45587|protein_coding|-|1004L>1004S|42817710A>G', 'missense|ASTEI20_036354|ASTEI20_036354.R45580|protein_coding|-|983L>983S|42817710A>G', 'missense|ASTEI20_036354|ASTEI20_036354.R45603|protein_coding|-|940L>940S|42817710A>G', 'missense|ASTEI20_036354|ASTEI20_036354.R45616|protein_coding|-|991L>991S|42817710A>G', 'missense|ASTEI20_036354|ASTEI20_036354.R45582|protein_coding|-|1004L>1004S|42817710A>G', 'missense|ASTEI20_036354|ASTEI20_036354.R45583|protein_coding|-|1004L>1004S|42817710A>G', 'missense|ASTEI20_036354|ASTEI20_036354.R45588|protein_coding|-|983L>983S|42817710A>G', 'missense|ASTEI20_036354|ASTEI20_036354.R45601|protein_coding|-|1012L>1012S|42817710A>G', 'missense|ASTEI20_036354|ASTEI20_036354.R45578|protein_coding|-|1012L>1012S|42817710A>G', 'missense|ASTEI20_036354|ASTEI20_036354.R45620|protein_coding|-|1004L>1004S|42817710A>G', 'missense|ASTEI20_036354|ASTEI20_036354.R45575|protein_coding|-|1004L>1004S|42817710A>G', 'missense|ASTEI20_036354|ASTEI20_036354.R45581|protein_coding|-|1004L>1004S|42817710A>G', 'missense|ASTEI20_036354|ASTEI20_036354.R45617|protein_coding|-|958L>958S|42817710A>G', 'missense|ASTEI20_036354|ASTEI20_036354.R45608|protein_coding|-|983L>983S|42817710A>G', 'missense|ASTEI20_036354|ASTEI20_036354.R45611|protein_coding|-|983L>983S|42817710A>G', 'missense|ASTEI20_036354|ASTEI20_036354.R45615|protein_coding|-|987L>987S|42817710A>G', 'missense|ASTEI20_036354|ASTEI20_036354.R45600|protein_coding|-|991L>991S|42817710A>G', 'missense|ASTEI20_036354|ASTEI20_036354.R45595|protein_coding|-|987L>987S|42817710A>G', 'missense|ASTEI20_036354|ASTEI20_036354.R45621|protein_coding|-|979L>979S|42817710A>G', 'missense|ASTEI20_036354|ASTEI20_036354.R45613|protein_coding|-|1012L>1012S|42817710A>G', 'missense|ASTEI20_036354|ASTEI20_036354.R45572|protein_coding|-|1001L>1001S|42817710A>G', 'missense|ASTEI20_036354|ASTEI20_036354.R45591|protein_coding|-|1012L>1012S|42817710A>G",ASTEI20_036354,993L>993S,CM023249:42817710-ASTEI20_036354-993L>993S,0.92,0.07,0.02,0,0,0,0,0,0,0,1,0.95,0.05,0,0,1,Vgsc,Vgsc (L995S)
547,547,CM023249,70580512,,T,C,70.91320038,PASS,missense|ASTEI20_040345|ASTEI20_040345.R53937|protein_coding|-|142D>142G|70580512T>C,ASTEI20_040345,142D>142G,CM023249:70580512-ASTEI20_040345-142D>142G,0.98,0.02,0,0,0,0,0,0,0,0,1,0.99,0.01,0,0,1,Gste2,Gste2 (D125G)
589,589,CM023249,70580690,,C,T,199.8190002,PASS,missense|ASTEI20_040345|ASTEI20_040345.R53937|protein_coding|-|108V>108I|70580690C>T,ASTEI20_040345,108V>108I,CM023249:70580690-ASTEI20_040345-108V>108I,0.95,0.05,0,0,0,0,0,0,0,0,1,0.98,0.02,0,0,1,Gste2,Gste2 (V91I)
639,639,CM023249,70580945,,C,T,211.9199982,PASS,missense|ASTEI20_040345|ASTEI20_040345.R53937|protein_coding|-|43G>43S|70580943T>G+70580945C>T,ASTEI20_040345,43G>43S,CM023249:70580945-ASTEI20_040345-43G>43S,0.8,0.2,0,0,0,0,0,0,0,0,1,0.9,0.1,0,0,1,Gste2,Gste2 (G26S)
643,643,CM023249,70580960,,T,C,238.0839996,PASS,missense|ASTEI20_040345|ASTEI20_040345.R53937|protein_coding|-|38T>38A|70580960T>C,ASTEI20_040345,38T>38A,CM023249:70580960-ASTEI20_040345-38T>38A,0.15,0.58,0.27,0,0,0,0,0,0,0,1,0.44,0.56,0,0,1,Gste2,Gste2 (T21A)