barcode,n_processed_fastq
barcode01,29
barcode02,17
barcode03,4
barcode04,5
barcode05,21
barcode06,5
barcode08,3
barcode09,20
barcode11,14
barcode12,41
barcode14,8
barcode15,28
barcode16,15
barcode17,13
barcode18,12
barcode19,40
barcode20,19
barcode21,5
barcode22,8
barcode23,8
barcode24,26
barcode25,28
barcode26,11
barcode27,28
barcode28,18
barcode29,16
barcode30,19
barcode31,19
barcode32,28
barcode33,17
barcode35,18
barcode38,6
barcode40,20
barcode44,6
barcode45,26
barcode48,58
barcode49,26
barcode50,7
barcode53,12
barcode54,10
barcode55,10
barcode56,53
barcode57,3
barcode58,25
barcode59,12
barcode60,9
barcode62,27
barcode63,15
barcode64,11
barcode65,13
barcode67,23
barcode68,12
barcode69,14
barcode70,27
barcode71,18
barcode72,30
barcode73,4
barcode75,17
barcode76,16
barcode78,56
barcode79,35
barcode80,66
barcode81,1
unclassified,71
